camera,kf_distance,kf_velocity,ego_vx
1759902465823761502,7.74,0.0,14.6697
1759902465825585586,7.74,0.0,14.6653
1759902465850649069,7.7059,-0.0147,14.5965
1759902465899352683,7.6727,-0.0559,14.5289
1759902465986801311,7.6277,-0.1442,14.331
1759902466021641707,7.6007,-0.1903,14.2582
1759902466078617729,7.5647,-0.2442,14.1386
1759902466128977688,7.5015,-0.3492,14.0692
1759902466177300787,7.4266,-0.4623,13.9888
1759902466228968687,7.3877,-0.49,13.9087
1759902466277911998,7.3625,-0.4923,13.8645
1759902466324885947,7.3328,-0.503,13.782
1759902466373107272,7.3693,-0.4087,13.6567
1759902466411003830,7.385,-0.3641,13.6103
1759902466463438000,7.4097,-0.3026,13.5185
1759902466511390243,7.4421,-0.239,13.4017
1759902466560086983,7.4658,-0.1928,13.3429
1759902466605264380,7.509,-0.1279,13.277
1759902466653775437,7.5369,-0.0864,13.2457
1759902466722405979,7.5568,-0.0536,13.1874
1759902466777208551,7.5852,-0.0153,13.1797
1759902466841842981,7.6124,0.0191,13.1555
1759902466885798140,7.6441,0.0539,13.3019
1759902466939382711,7.6861,0.0969,13.3666
1759902466984388591,7.7279,0.1357,13.4217
1759902467051417793,7.7826,0.1851,13.5212
1759902467100039431,7.832,0.2267,13.5647
1759902467137864593,7.8649,0.2499,13.5944
1759902467173286907,7.8937,0.2676,13.6204
1759902467218314229,7.9401,0.2981,13.6903
1759902467266452666,7.9773,0.3187,13.761
1759902467316159471,7.9982,0.3234,13.8136
1759902467363399146,8.0185,0.3279,13.8538
1759902467415090992,8.0186,0.3122,13.8779
1759902467456489901,8.019,0.301,13.9231
1759902467505473469,8.0205,0.2891,13.98
1759902467555902679,8.0305,0.2849,14.0241
1759902467607793394,8.0375,0.2777,14.0691
1759902467697486368,8.0713,0.2871,14.1663
1759902467729519637,8.0711,0.2783,14.2008
1759902467772397273,8.073,0.2693,14.2428
1759902467822090602,8.0753,0.2595,14.2836
1759902467864880591,8.1418,0.3072,14.3156
1759902467913010683,8.3477,0.4726,14.3598
1759902467963638452,8.91,0.9449,14.4165
1759902468016606038,9.1914,1.1516,14.5034
1759902468064247338,9.2535,1.158,14.5419
1759902468114961121,9.1687,1.0307,14.6351
1759902468157800484,8.9829,0.8332,14.7118
1759902468203644241,8.7832,0.6302,14.7989
1759902468256315763,8.6176,0.4558,14.9176
1759902468304425055,8.4793,0.3157,15.0105
1759902468354913619,8.3481,0.1859,15.0719
1759902468404533167,8.2307,0.0741,15.1384
1759902468449244406,8.1453,-0.0025,15.2345
1759902468499270890,8.0952,-0.0461,15.3663
1759902468549353721,8.0496,-0.0842,15.4619
1759902468599581098,8.1226,-0.0159,15.5647
1759902468671574205,8.246,0.104,15.7098
1759902468721779900,8.3685,0.2131,15.8056
1759902468770689065,8.4376,0.2662,15.923
1759902468821026492,8.4905,0.3014,16.0506
1759902468872074662,8.5255,0.3187,16.167
1759902468919873452,8.5314,0.3106,16.2696
1759902468984536366,8.5417,0.3017,16.4466
1759902469009393045,8.5226,0.2804,16.519
1759902469077802566,8.5168,0.258,16.692
1759902469130202521,8.4873,0.2197,16.8148
1759902469158983965,8.4658,0.1975,16.8816
1759902469203882361,8.4405,0.1701,16.9889
1759902469253966174,8.3955,0.1257,17.1058
1759902469303823726,8.3411,0.0744,17.1837
1759902469355939449,8.28,0.0181,17.2906
1759902469400130988,8.2174,-0.0356,17.3757
1759902469449186252,8.1717,-0.0732,17.5076
1759902469499282499,8.1203,-0.1146,17.6322
1759902469549289225,8.0466,-0.1739,17.7709
1759902469631897002,7.9746,-0.2309,17.9636
1759902469678134849,7.9193,-0.2724,18.0852
1759902469726791874,7.8642,-0.3101,18.1608
1759902469778661058,7.8058,-0.3478,18.2988
1759902469824176288,7.7505,-0.3818,18.4266
1759902469872922593,7.698,-0.4108,18.5456
1759902469922838787,7.6479,-0.4361,18.6605
1759902469975420238,7.6053,-0.4532,18.7983
1759902470014558992,7.5673,-0.4699,18.9034
1759902470062783273,7.5282,-0.4835,18.9935
1759902470109666429,7.4859,-0.4999,19.0936
1759902470153822440,7.4477,-0.5132,19.1743
1759902470200299082,7.4108,-0.524,19.2715
1759902470254843752,7.3755,-0.5298,19.4152
1759902470304362970,7.3434,-0.5349,19.5297
1759902470354756092,7.3115,-0.5393,19.6659
1759902470400104575,7.2819,-0.5437,19.7695
1759902470452279731,7.2494,-0.5472,19.8538
1759902470499802155,7.2284,-0.5429,19.9519
1759902470549770679,7.207,-0.538,20.1067
1759902470626075499,7.1735,-0.5306,20.2935
1759902470677021464,7.1569,-0.5209,20.4132
1759902470729260312,7.1421,-0.5095,20.5071
1759902470778464860,7.1333,-0.495,20.6965
1759902470822539887,7.1231,-0.485,20.8147
1759902470877050803,7.1099,-0.4735,21.009
1759902470917543306,7.1025,-0.4637,21.1181
1759902470980153981,7.1244,-0.4184,21.2506
1759902471018932169,7.181,-0.3577,21.3329
1759902471063390536,7.2534,-0.2849,21.3873
1759902471108244276,7.2494,-0.2777,21.4582
1759902471163507686,7.26,-0.2555,21.5487
1759902471209794907,7.2608,-0.2448,21.6473
1759902471249685553,7.2627,-0.2353,21.7444
1759902471299573653,7.2596,-0.2279,21.8544
1759902471349500567,7.2518,-0.2249,21.9604
1759902471400356010,7.2433,-0.2224,22.0332
1759902471450487534,7.2345,-0.2203,22.1305
1759902471499660752,7.2347,-0.2107,22.2134
1759902471581048846,7.2215,-0.2068,22.3532
1759902471622336233,7.2151,-0.2048,22.3905
1759902471672782075,7.2064,-0.2034,22.4007
1759902471730669553,7.2024,-0.1963,22.3473
1759902471778509011,7.1982,-0.1917,22.2842
1759902471817616896,7.1965,-0.1869,22.2235
1759902471870413397,7.1846,-0.1886,22.1582
1759902471912604776,7.1747,-0.1902,22.1025
1759902471969667012,7.1627,-0.1913,22.0061
1759902472015057795,7.1649,-0.182,21.9834
1759902472062353637,7.1544,-0.1836,21.9559
1759902472113889937,7.1434,-0.1849,22.026
1759902472162559236,7.127,-0.1912,22.1602
1759902472208878818,7.1097,-0.1984,22.1062
1759902472273250017,7.0917,-0.2032,22.1219
1759902472306230280,7.0895,-0.1994,22.1664
1759902472354297401,7.0769,-0.2019,22.1216
1759902472404654234,7.0677,-0.2011,22.1105
1759902472450445220,7.056,-0.2033,22.1732
1759902472531381473,7.0303,-0.2123,22.2117
1759902472568586273,7.0155,-0.2183,22.2183
1759902472628522764,7.0048,-0.2162,22.2587
1759902472664903785,6.9978,-0.2154,22.2814
1759902472732495448,6.9823,-0.2163,22.2573
1759902472778534737,6.9716,-0.2169,22.2607
1759902472828842707,6.9574,-0.2198,22.2181
1759902472880995541,6.9563,-0.2107,22.1844
1759902472938156845,6.943,-0.2119,22.205
1759902472978826576,6.93,-0.2155,22.1891
1759902473024397072,6.9111,-0.2231,22.2152
1759902473071913143,6.8913,-0.2308,22.2508
1759902473114299534,6.8721,-0.2384,22.2312
1759902473164093234,6.8632,-0.236,22.2253
1759902473215274488,6.8508,-0.2363,22.1883
1759902473263446639,6.8366,-0.2387,22.1827
1759902473317150939,6.8196,-0.2423,22.1737
1759902473355878139,6.7981,-0.2523,22.1813
1759902473400198563,6.7819,-0.2565,22.1467
1759902473450377868,6.7513,-0.2716,22.1496
1759902473523143517,6.7311,-0.272,22.1265
1759902473578700446,6.7296,-0.2592,22.1188
1759902473619190153,6.7468,-0.2349,22.1421
1759902473670396715,6.7516,-0.2201,22.1456
1759902473704669169,6.7518,-0.2138,22.1402
1759902473759147844,6.7431,-0.2113,22.1523
1759902473804476709,6.7355,-0.2097,22.1915
1759902473854717291,6.7265,-0.2084,22.2082
1759902473905452234,6.7202,-0.2046,22.2623
1759902473960386256,6.7214,-0.1935,22.2595
1759902474004524333,6.7241,-0.1838,22.2469
1759902474059858427,6.7158,-0.1822,22.1927
1759902474104660469,6.7083,-0.1816,22.1563
1759902474154616058,6.6995,-0.1814,22.1382
1759902474203853018,6.7025,-0.171,22.1637
1759902474255842411,6.6986,-0.1666,22.181
1759902474306213761,6.6962,-0.1613,22.2279
1759902474356689932,6.6856,-0.1635,22.2607
1759902474407889310,6.669,-0.1708,22.2487
1759902474449562111,6.6583,-0.1738,22.2221
1759902474528442147,6.6494,-0.1692,22.2219
1759902474565897053,6.6543,-0.1593,22.2338
1759902474609517485,6.6542,-0.1535,22.2466
1759902474670932392,6.6494,-0.1493,22.247
1759902474722803149,6.6442,-0.147,22.2438
1759902474815742375,6.6272,-0.1505,22.1879
1759902474865344922,6.6324,-0.1384,22.1983
1759902474908061992,6.6368,-0.1293,22.1994
1759902474963160638,6.6359,-0.1238,22.2119
1759902475017806250,6.6417,-0.1128,22.1754
1759902475059883371,6.6137,-0.1322,22.1533
1759902475112783659,6.5895,-0.1466,22.1464
1759902475159043268,6.5668,-0.1597,22.1595
1759902475215992418,6.5493,-0.1669,22.208
1759902475255034969,6.5689,-0.1458,22.2045
1759902475310374924,6.5878,-0.1232,22.1831
1759902475355313537,6.6026,-0.1064,22.1526
1759902475432752036,6.6117,-0.0903,22.166
1759902475479118458,6.6144,-0.0842,22.2132
1759902475527680583,6.6133,-0.0817,22.2729
1759902475576229412,6.6125,-0.0789,22.2858
1759902475626307975,6.6211,-0.0683,22.2769
1759902475668615314,6.6248,-0.063,22.2553
1759902475720104284,6.6241,-0.0608,22.2147
1759902475768176265,6.6238,-0.0586,22.1895
1759902475813340617,6.6208,-0.0589,22.2029
1759902475863817449,6.6215,-0.0558,22.253
1759902475908939440,6.6313,-0.0457,22.299
1759902475957107143,6.6384,-0.0379,22.327
1759902476000677068,6.6437,-0.0322,22.3361
1759902476051845727,6.6414,-0.0327,22.3464
1759902476101837495,6.6398,-0.0327,22.3069
1759902476152656829,6.6357,-0.0348,22.2285
1759902476200204461,6.6359,-0.0333,22.1764
1759902476250525456,6.6359,-0.0317,22.1165
1759902476299578926,6.6361,-0.0303,22.1055
1759902476350408359,6.6332,-0.0315,22.1007
1759902476402967878,6.628,-0.0346,22.1223
1759902476480387833,6.6363,-0.0239,22.1924
1759902476538796874,6.6365,-0.0224,22.2411
1759902476588565547,6.6337,-0.0239,22.2558
1759902476631814450,6.6288,-0.0272,22.2528
1759902476679228628,6.6222,-0.0318,22.2439
1759902476730904303,6.6143,-0.0371,22.2455
1759902476778457376,6.6178,-0.0327,22.2199
1759902476828625359,6.6173,-0.0317,22.2044
1759902476875060221,6.6111,-0.0357,22.2183
1759902476926041995,6.6034,-0.0406,22.2188
1759902476973258055,6.58,-0.0588,22.2165
1759902477025148840,6.5597,-0.0735,22.2342
1759902477064411670,6.5398,-0.0874,22.2343
1759902477114227182,6.5248,-0.0963,22.2159
1759902477161885475,6.5292,-0.0888,22.166
1759902477205863197,6.5656,-0.0554,22.1739
1759902477260403268,6.5829,-0.0378,22.1856
1759902477309554304,6.5959,-0.025,22.1914
1759902477350546589,6.6024,-0.0187,22.1953
1759902477444978479,6.6068,-0.0125,22.1753
1759902477486919051,6.6074,-0.0114,22.1654
1759902477533214056,6.6201,0.0003,22.161
1759902477570178178,6.6261,0.0052,22.1993
1759902477623085349,6.6335,0.0113,22.249
1759902477678927992,6.639,0.0156,22.3004
1759902477724271155,6.6458,0.0208,22.3025
1759902477772077439,6.6508,0.0242,22.2968
1759902477818468207,6.6634,0.0338,22.2394
1759902477870195140,6.6726,0.0403,22.2073
1759902477918757094,6.6762,0.0417,22.1971
1759902477964492645,6.6787,0.0421,22.2164
1759902478023379085,6.6808,0.0418,22.2394
1759902478067647160,6.694,0.0515,22.2788
1759902478117793011,6.6976,0.0524,22.3144
1759902478170232882,6.6972,0.0497,22.281
1759902478217796605,6.6936,0.0446,22.2634
1759902478281067347,6.6914,0.0399,22.2439
1759902478310501756,6.6858,0.0344,22.2248
1759902478357011651,6.6912,0.0375,22.1894
1759902478433147860,6.6928,0.0363,22.1951
1759902478483743438,6.6932,0.035,22.2059
1759902478541067332,6.6936,0.0335,22.206
1759902478581712867,6.6904,0.0296,22.2168
1759902478638698637,6.6884,0.0263,22.2367
1759902478675232299,6.6956,0.0314,22.2395
1759902478762893612,6.6957,0.0289,22.2018
1759902478809498568,6.6918,0.0241,22.2185
1759902478860533934,6.689,0.0205,22.2038
1759902478928846340,6.6965,0.0262,22.1537
1759902478956869029,6.7011,0.0294,22.1435
1759902479006282826,6.7048,0.0312,22.167
1759902479083071137,6.7018,0.0263,22.2643
1759902479108503503,6.6988,0.0233,22.2768
1759902479163772142,6.697,0.0207,22.2486
1759902479242686894,6.7116,0.0329,22.2134
1759902479266939262,6.7147,0.0347,22.2155
1759902479314594388,6.7144,0.0332,22.1929
1759902479355388025,6.7081,0.0271,22.2119
1759902479402216256,6.7006,0.0201,22.2512
1759902479483979544,6.6829,0.002,22.2146
1759902479529980730,6.7036,0.0203,22.2186
1759902479576807579,6.7153,0.0296,22.1995
1759902479617535491,6.7236,0.0354,22.2283
1759902479660800985,6.7355,0.0439,22.2583
1759902479710336895,6.7114,0.0222,22.2775
1759902479767401075,6.6876,0.0004,22.2918
1759902479807557668,6.6703,-0.0138,22.2904
1759902479855662240,6.6608,-0.0213,22.3098
1759902479904878280,6.6899,0.0042,22.2703
1759902479958086164,6.7022,0.0147,22.2657
1759902480008035902,6.7081,0.0192,22.2677
1759902480058247759,6.7215,0.03,22.1757
1759902480106279132,6.716,0.024,21.9409
1759902480152141914,6.7119,0.0196,21.8109
1759902480202677839,6.706,0.0136,21.7814
1759902480254870389,6.7016,0.0092,21.6146
1759902480304962477,6.7136,0.0193,21.4663
1759902480355912350,6.7193,0.0234,21.3351
1759902480402468804,6.7233,0.0259,21.2284
1759902480481632801,6.7111,0.0121,21.0822
1759902480528193142,6.6988,0.0003,20.9662
1759902480583046961,6.6868,-0.0106,20.867
1759902480628128435,6.6783,-0.0176,20.7203
1759902480678705147,6.6843,-0.0117,20.5808
1759902480721937860,6.6766,-0.0177,20.501
1759902480769580984,6.671,-0.0216,20.3818
1759902480818164629,6.6609,-0.0292,20.2623
1759902480865569779,6.6537,-0.0341,20.1973
1759902480917218874,6.6483,-0.0372,20.0837
1759902480966319795,6.6566,-0.0285,20.0099
1759902481011997565,6.6597,-0.0248,19.917
1759902481062446624,6.662,-0.0218,19.773
1759902481109778945,6.6667,-0.017,19.6439
1759902481154649508,6.6671,-0.0159,19.5561
1759902481205135246,6.6825,-0.0021,19.4546
1759902481254805371,6.6907,0.0051,19.3623
1759902481305307472,6.6968,0.0101,19.2561
1759902481351362432,6.7011,0.0134,19.1805
1759902481401156885,6.7073,0.0182,19.1104
1759902481482274096,6.7186,0.0278,19.0176
1759902481531391149,6.7324,0.0394,18.9778
1759902481576959282,6.739,0.0438,18.9369
1759902481629379758,6.744,0.0461,18.8891
1759902481678853861,6.7474,0.0471,18.8303
1759902481728258161,6.7468,0.0445,18.7747
1759902481771527655,6.7551,0.0499,18.7112
1759902481822744869,6.7523,0.0454,18.677
1759902481877736974,6.7412,0.0335,18.6346
1759902481923930658,6.7207,0.0147,18.5703
1759902481969015220,6.6879,-0.0134,18.4573
1759902482019717763,6.6579,-0.0384,18.3314
1759902482069388311,6.63,-0.0606,18.2299
1759902482112571541,6.6102,-0.0749,18.1369
1759902482160431920,6.5986,-0.0816,18.0389
1759902482212024880,6.6021,-0.075,17.9454
1759902482264741800,6.623,-0.0533,17.8297
1759902482305313305,6.6266,-0.0484,17.7407
1759902482357887834,6.6258,-0.0469,17.6068
1759902482432139286,6.6216,-0.0476,17.4988
1759902482477631153,6.6165,-0.0502,17.3949
1759902482526368684,6.6098,-0.0541,17.2918
1759902482577498291,6.6018,-0.0586,17.1826
1759902482628467492,6.6022,-0.0557,17.061
1759902482677367832,6.6027,-0.0529,16.9643
1759902482728694374,6.603,-0.0502,16.8794
1759902482778569872,6.6004,-0.0504,16.782
1759902482819418445,6.5958,-0.0524,16.7391
1759902482866479211,6.5923,-0.0533,16.6336
1759902482915530008,6.5868,-0.0557,16.5409
1759902482961878167,6.5799,-0.0593,16.4285
1759902483009724048,6.584,-0.0535,16.3059
1759902483061009512,6.5809,-0.0538,16.1877
1759902483110455432,6.5818,-0.0508,16.1396
1759902483162303447,6.5764,-0.0532,16.0784
1759902483207871380,6.5697,-0.0568,15.9851
1759902483254263001,6.5619,-0.0612,15.889
1759902483330880500,6.555,-0.0634,15.7704
1759902483352654898,6.5525,-0.0643,15.7387
1759902483438366731,6.5542,-0.0573,15.5868
1759902483483003880,6.5542,-0.0549,15.4855
1759902483532706138,6.5541,-0.0526,15.3751
1759902483584658913,6.551,-0.053,15.2742
1759902483627148572,6.5491,-0.0527,15.1953
1759902483681089273,6.5474,-0.0517,15.071
1759902483725763974,6.5436,-0.053,14.9938
1759902483776989714,6.5376,-0.0558,14.9178
1759902483834836236,6.5483,-0.0434,14.7837
1759902483870087336,6.5477,-0.0426,14.7031
1759902483913960140,6.5441,-0.044,14.6275
1759902483961666906,6.5384,-0.047,14.5167
1759902484011603340,6.5312,-0.0511,14.4064
1759902484061467216,6.5261,-0.0533,14.2927
1759902484108434444,6.5225,-0.0542,14.2446
1759902484159009695,6.5168,-0.0568,14.138
1759902484202295430,6.513,-0.0579,14.0454
1759902484256237805,6.5221,-0.0473,13.9739
1759902484309551973,6.5258,-0.0417,13.8668
1759902484379466053,6.5282,-0.0366,13.7548
1759902484420972228,6.5308,-0.033,13.683
1759902484464892562,6.5295,-0.0328,13.6016
1759902484516989792,6.5315,-0.0296,13.5179
1759902484561705792,6.5332,-0.027,13.4246
1759902484610522974,6.5313,-0.0275,13.3423
1759902484656496659,6.527,-0.0301,13.322
1759902484704193857,6.5359,-0.0213,13.2642
1759902484759448151,6.5363,-0.0199,13.1251
1759902484805270929,6.5308,-0.0239,13.0337
1759902484855245185,6.5267,-0.0264,12.928
1759902484900496605,6.5208,-0.0304,12.8596
1759902484984328356,6.5062,-0.0422,12.7462
1759902485000666188,6.4979,-0.0484,12.7235
1759902485050759661,6.4878,-0.0548,12.6349
1759902485102884374,6.4804,-0.0587,12.5386
1759902485151616814,6.4723,-0.0633,12.4391
1759902485200603309,6.4634,-0.0683,12.3461
1759902485251418978,6.469,-0.0603,12.2632
1759902485300719059,6.4703,-0.0567,12.1759
1759902485380666241,6.4702,-0.0523,12.0471
1759902485431012866,6.4715,-0.0487,11.968
1759902485489551607,6.469,-0.0483,11.8535
1759902485533232575,6.4648,-0.0501,11.7902
1759902485583040504,6.4586,-0.0534,11.7222
1759902485625955122,6.4514,-0.0575,11.63
1759902485667680685,6.4433,-0.0621,11.5884
1759902485714640058,6.4462,-0.0573,11.5227
1759902485766473646,6.4423,-0.0581,11.4232
1759902485817919806,6.4365,-0.0605,11.3184
1759902485864660743,6.4295,-0.064,11.2528
1759902485914973654,6.4244,-0.0657,11.1686
1759902485963272369,6.4148,-0.0711,11.0853
1759902486010317425,6.405,-0.0766,10.9951
1759902486056895652,6.398,-0.0795,10.9357
1759902486104025530,6.39,-0.0832,10.8634
1759902486155803752,6.384,-0.0846,10.7484
1759902486201589229,6.3801,-0.0847,10.6793
1759902486251069404,6.3711,-0.0888,10.6221
1759902486335793525,6.3751,-0.0774,10.4721
1759902486386842168,6.3739,-0.0748,10.3825
1759902486432063129,6.3734,-0.0721,10.3136
1759902486483128133,6.3729,-0.0694,10.242
1759902486526427735,6.3729,-0.0668,10.1677
1759902486582860944,6.3725,-0.0639,10.0723
1759902486616472912,6.3732,-0.0615,10.0009
1759902486665899074,6.3731,-0.0591,9.9209
1759902486714405404,6.3732,-0.0567,9.846
1759902486760932483,6.3704,-0.0568,9.7969
1759902486800179805,6.3687,-0.0564,9.7517
1759902486869203519,6.3664,-0.0549,9.6495
1759902486905953113,6.3781,-0.0434,9.585
1759902486956174760,6.3771,-0.0423,9.5065
1759902487017255804,6.3762,-0.0408,9.4335
1759902487050309829,6.3764,-0.0396,9.3684
1759902487101606744,6.3761,-0.0381,9.2602
1759902487153543769,6.3729,-0.0392,9.2133
1759902487200485218,6.3707,-0.0395,9.1272
1759902487250788631,6.3691,-0.0391,9.0536
1759902487330460158,6.3673,-0.0379,8.9523
1759902487378029993,6.3638,-0.0395,8.8967
1759902487422588313,6.3614,-0.04,8.8635
1759902487474232430,6.3595,-0.0398,8.801
1759902487514005894,6.3556,-0.0418,8.7525
1759902487618775230,6.3637,-0.0289,8.6017
1759902487668222993,6.3584,-0.0327,8.5492
1759902487718974780,6.3515,-0.0374,8.5036
1759902487768922605,6.3436,-0.0428,8.4597
1759902487815349795,6.335,-0.0483,8.406
1759902487864892569,6.3258,-0.0541,8.3279
1759902487909506835,6.3163,-0.0598,8.2417
1759902487957327579,6.3094,-0.0631,8.1389
1759902488007394972,6.3044,-0.0647,8.0758
1759902488056969867,6.3008,-0.065,8.0146
1759902488108820798,6.2952,-0.0669,7.959
1759902488151867208,6.2916,-0.0675,7.926
1759902488200790251,6.2888,-0.067,7.8821
1759902488269962638,6.286,-0.0654,7.8101
1759902488330028567,6.2814,-0.066,7.7505
1759902488376681887,6.285,-0.0602,7.6841
1759902488429397486,6.2874,-0.0553,7.6275
1759902488465219904,6.2838,-0.0566,7.5861
1759902488514581423,6.2777,-0.0593,7.5098
1759902488569405146,6.2731,-0.0604,7.4444
1759902488617610313,6.2671,-0.063,7.3887
1759902488670176356,6.2596,-0.0666,7.3265
1759902488719984395,6.2514,-0.0709,7.2924
1759902488771261443,6.2514,-0.0677,7.2172
1759902488811592860,6.2461,-0.0698,7.1613
1759902488859742380,6.2389,-0.073,7.0751
1759902488902969524,6.234,-0.0744,7.0277
1759902488957320868,6.227,-0.077,6.9927
1759902489008309927,6.2252,-0.0752,6.9355
1759902489056659178,6.2211,-0.0755,6.8702
1759902489101917811,6.2184,-0.0749,6.7998
1759902489150083171,6.2193,-0.071,6.7262
1759902489231036810,6.203,-0.0813,6.6372
1759902489278130579,6.1716,-0.1067,6.5984
1759902489338771494,6.1324,-0.1372,6.544
1759902489385160260,6.1518,-0.1143,6.4954
1759902489435325530,6.187,-0.0784,6.44
1759902489481154610,6.2157,-0.0509,6.4048
1759902489521822508,6.2365,-0.0322,6.3665
1759902489619234378,6.2483,-0.0175,6.2479
1759902489668941656,6.2545,-0.0109,6.188
1759902489719026221,6.2589,-0.0064,6.1186
1759902489766808642,6.259,-0.0061,6.0651
1759902489817873316,6.2591,-0.0057,6.0184
1759902489864457424,6.2562,-0.0079,5.96
1759902489916349223,6.254,-0.0094,5.8809
1759902489965083577,6.2495,-0.0128,5.8375
1759902490012962141,6.2462,-0.015,5.7889
1759902490056321957,6.2409,-0.0188,5.7563
1759902490101340553,6.237,-0.0212,5.7232
1759902490181332570,6.2212,-0.0343,5.6318
1759902490234720879,6.2072,-0.0454,5.5492
1759902490290444147,6.1909,-0.0579,5.4658
1759902490334839435,6.1949,-0.0522,5.4499
1759902490380450069,6.1857,-0.0579,5.3932
1759902490419293973,6.1735,-0.0658,5.3379
1759902490458983377,6.1617,-0.0729,5.3063
1759902490528431820,6.1516,-0.0774,5.2651
1759902490553754727,6.1468,-0.0796,5.2505
1759902490608203156,6.1447,-0.0777,5.19
1759902490655222674,6.1437,-0.0755,5.1371
1759902490706538496,6.1429,-0.0729,5.0953
1759902490756522340,6.1425,-0.0701,5.0585
1759902490806573172,6.1423,-0.0672,5.0192
1759902490856058006,6.1393,-0.067,4.9765
1759902490905347267,6.1281,-0.0738,4.9397
1759902490958496321,6.1229,-0.0749,4.8957
1759902491000851994,6.1198,-0.0748,4.8638
1759902491080198652,6.1095,-0.079,4.8125
1759902491131558848,6.1038,-0.0806,4.7706
1759902491189598648,6.0963,-0.0833,4.6872
1759902491236179620,6.0917,-0.0839,4.6709
1759902491275856270,6.0888,-0.0835,4.6457
1759902491327516979,6.0862,-0.0821,4.5862
1759902491379376055,6.0874,-0.0774,4.5558
1759902491419529764,6.089,-0.0735,4.5385
1759902491478666063,6.0863,-0.0721,4.5164
1759902491515851367,6.0825,-0.073,4.515
1759902491568276622,6.0851,-0.0676,4.4773
1759902491618399141,6.0933,-0.0577,4.4517
1759902491664857549,6.0874,-0.0604,4.4317
1759902491715318853,6.077,-0.0667,4.399
1759902491769166808,6.0693,-0.0703,4.3767
1759902491811193686,6.0615,-0.0744,4.3454
1759902491872297673,6.0579,-0.0736,4.3099
1759902491907825670,6.0537,-0.0749,4.2987
1759902491951299724,6.0503,-0.075,4.2882
1759902492002432557,6.0505,-0.0715,4.2805
1759902492051623831,6.0479,-0.0708,4.278
1759902492132155687,6.0415,-0.0714,4.2466
1759902492186552768,6.0384,-0.0707,4.2233
1759902492231846378,6.0367,-0.0694,4.195
1759902492287804112,6.0319,-0.0702,4.1538
1759902492337995561,6.0228,-0.0752,4.1448
1759902492375441633,6.02,-0.0752,4.1345
1759902492421774131,6.0145,-0.0768,4.1084
1759902492466433373,6.0078,-0.0795,4.1038
1759902492520537246,5.9994,-0.0829,4.0843
1759902492569701188,5.9937,-0.0843,4.0721
1759902492610114141,5.9872,-0.0869,4.0823
1759902492657218089,5.9792,-0.0901,4.0803
1759902492733300158,5.9685,-0.0937,4.0376
1759902492761952027,5.9641,-0.0952,4.0203
1759902492809795244,5.9567,-0.0976,4.0043
1759902492882678108,5.9466,-0.1004,3.982
1759902492912129170,5.9395,-0.1038,3.9809
1759902492957066571,5.9334,-0.105,3.9932
1759902493000744163,5.9292,-0.1047,4.0771
1759902493075367643,5.9178,-0.108,4.2026
1759902493122600597,5.9119,-0.1088,4.2975
1759902493178935229,5.9102,-0.1048,4.4608
1759902493219497406,5.9071,-0.1037,4.5792
1759902493267896953,5.9045,-0.1017,4.7249
1759902493318573216,5.8996,-0.1015,4.8815
1759902493367818073,5.8962,-0.1001,5.0459
1759902493419692989,5.8937,-0.0977,5.2166
1759902493467249510,5.8924,-0.0949,5.3835
1759902493516207129,5.8915,-0.0917,5.5472
1759902493564203998,5.891,-0.0883,5.7064
1759902493614352577,5.8876,-0.0874,5.8734
1759902493667077643,5.8851,-0.0855,6.0631
1759902493713509421,5.8868,-0.0806,6.2176
1759902493763113652,5.8911,-0.0735,6.3876
1759902493804412913,5.8976,-0.0655,6.5286
1759902493854863577,5.9051,-0.0564,6.6846
1759902493906470613,5.9136,-0.0465,6.8311
1759902493957004305,5.923,-0.0362,6.9769
1759902494002285681,5.924,-0.034,7.103
1759902494072032222,5.9242,-0.0315,7.3244
1759902494117789445,5.925,-0.0295,7.4431
1759902494167546086,5.9255,-0.0278,7.6016
1759902494237665176,5.9256,-0.0258,7.7882
1759902494275740826,5.9232,-0.0271,7.9077
1759902494322583006,5.9244,-0.025,8.0267
1759902494365760155,5.9253,-0.0233,8.1493
1759902494416266153,5.9259,-0.0218,8.3102
1759902494465045954,5.9264,-0.0205,8.4699
1759902494563023492,5.9262,-0.0186,8.7601
1759902494613783956,5.9267,-0.0172,8.8597
1759902494664751905,5.924,-0.0189,8.9099
1759902494716003794,5.9375,-0.006,8.9272
1759902494765009175,5.935,-0.0079,8.9316
1759902494809919444,5.9302,-0.0116,8.9168
1759902494860557735,5.9267,-0.0141,8.8959
1759902494905288092,5.9243,-0.0156,8.8726
1759902494956856205,5.9164,-0.0215,8.8513
1759902495006911715,5.9077,-0.0279,8.8289
1759902495050680290,5.9015,-0.0319,8.7827
1759902495126996716,5.8932,-0.0374,8.7441
1759902495173226108,5.8849,-0.0432,8.8694
1759902495223885189,5.8758,-0.0492,9.1782
1759902495283489810,5.8658,-0.0555,9.3232
1759902495321153816,5.8566,-0.0614,9.5146
1759902495370570901,5.8464,-0.0673,9.7555
1759902495410998521,5.8486,-0.0634,9.8315
1759902495464170479,5.8436,-0.0647,9.9848
1759902495513375069,5.8403,-0.0648,10.1421
1759902495555311734,5.8353,-0.0667,10.2553
1759902495604838618,5.8284,-0.0697,10.4014
1759902495654469269,5.8235,-0.0709,10.5478
1759902495706544057,5.8138,-0.0761,10.6967
1759902495750337940,5.8073,-0.0787,10.8123
1759902495808162730,5.8019,-0.0795,10.9802
1759902495854897055,5.8048,-0.0737,11.0986
1759902495907813826,5.8006,-0.074,11.257
1759902495956327960,5.7919,-0.0785,11.4101
1759902495999719327,5.7859,-0.0806,11.5265
1759902496050234393,5.7964,-0.0682,11.6348
1759902496130389701,5.7906,-0.0685,11.8576
1759902496174052665,5.7606,-0.093,11.9668
1759902496214132974,5.7034,-0.1387,12.0719
1759902496269004358,5.7153,-0.1216,12.1813
1759902496318474554,5.7217,-0.1108,12.2954
1759902496367869457,5.7264,-0.102,12.4338
1759902496419582365,5.7239,-0.0997,12.6045
1759902496469342433,5.7192,-0.0994,12.7796
1759902496519690371,5.719,-0.0952,12.9175
1759902496569092427,5.716,-0.0938,13.0446
1759902496610572031,5.7115,-0.0943,13.1532
1759902496654624287,5.7081,-0.0936,13.2567
1759902496704768737,5.6994,-0.097,13.4137
1759902496755454598,5.6841,-0.1059,13.5438
1759902496801035355,5.6735,-0.1108,13.6681
1759902496850231920,5.6656,-0.1129,13.8043
1759902496900493634,5.6569,-0.1155,13.9516
1759902496950696625,5.6447,-0.121,14.0965
1759902497000518231,5.6482,-0.1128,14.2317
1759902497050444736,5.6509,-0.1055,14.3633
1759902497132800866,5.6447,-0.103,14.5503
1759902497181193199,5.6398,-0.1029,14.6588
1759902497228244868,5.6334,-0.1043,14.758
1759902497281780217,5.6254,-0.1064,14.9473
1759902497339892578,5.6164,-0.109,15.1561
1759902497369878861,5.6062,-0.1147,15.2678
1759902497425504694,5.6059,-0.1095,15.4556
1759902497473214055,5.5945,-0.1147,15.5754
1759902497525154691,5.5829,-0.1195,15.717
1759902497581360376,5.5651,-0.1292,15.8466
1759902497623168106,5.5447,-0.1418,15.9659
1759902497674755620,5.5261,-0.1515,16.1291
1759902497724949976,5.5068,-0.1615,16.2555
1759902497766984407,5.485,-0.174,16.3431
1759902497822166256,5.4738,-0.1754,16.4826
1759902497864072272,5.4585,-0.182,16.5917
1759902497907038064,5.4445,-0.1871,16.7203
1759902497952000803,5.4283,-0.1934,16.8412
1759902498007665419,5.4122,-0.198,16.9554
1759902498050866218,5.4026,-0.199,17.049
1759902498120225733,5.3799,-0.2072,17.1785
1759902498168655072,5.3638,-0.2127,17.2898
1759902498210912838,5.3564,-0.2114,17.3675
1759902498267049432,5.334,-0.2207,17.4585
1759902498316031372,5.3039,-0.2376,17.5282
1759902498366739415,5.2639,-0.2622,17.5935
1759902498413247431,5.2209,-0.2888,17.6722
1759902498508767676,5.2533,-0.2278,17.8069
1759902498555440737,5.292,-0.1813,17.8946
1759902498600554402,5.3196,-0.1495,17.9508
1759902498650750331,5.3329,-0.1313,18.0156
1759902498701282128,5.3396,-0.1198,18.094
1759902498750791011,5.3538,-0.1026,18.1985
1759902498801436634,5.3642,-0.0893,18.2683
1759902498851038624,5.3689,-0.0816,18.3337
1759902498902208564,5.3785,-0.0699,18.4116
1759902498954237768,5.3764,-0.0685,18.4861
1759902499002575334,5.3752,-0.0668,18.5441
1759902499051257143,5.3744,-0.0647,18.6365
1759902499123271767,5.3574,-0.0761,18.7212
1759902499194848687,5.345,-0.0828,18.8232
1759902499226077053,5.3295,-0.0938,18.8799
1759902499271975150,5.3146,-0.1026,18.9266
1759902499321529498,5.2915,-0.1176,18.9754
1759902499366541681,5.1763,-0.2074,19.0301
1759902499424689819,5.169,-0.2033,19.0526
1759902499477497584,5.1619,-0.2002,19.087
1759902499526052613,5.1575,-0.1956,19.0688
1759902499571542193,5.146,-0.1978,19.0654
1759902499621336328,5.1434,-0.1918,19.0869
1759902499672841275,5.1294,-0.1952,19.0828
1759902499716610404,5.1236,-0.193,19.0598
1759902499760048414,5.1137,-0.1942,19.0726
1759902499809305798,5.0999,-0.1977,19.068
1759902499859428989,5.096,-0.1926,19.0338
1759902499914505066,5.0959,-0.1835,18.8094
1759902499956247311,5.0978,-0.1755,18.6823
1759902500004678445,5.1045,-0.1625,18.6264
1759902500051417781,5.1099,-0.1516,18.5615
1759902500121308696,5.1181,-0.1342,18.4774
1759902500171820856,5.1324,-0.115,18.3965
1759902500216920395,5.1463,-0.0983,18.305
1759902500267566510,5.1713,-0.0721,18.1817
1759902500317879190,5.2018,-0.0423,18.0564
1759902500367229531,5.2362,-0.0107,17.9498
1759902500418685095,5.2795,0.0275,17.8091
1759902500469544685,5.3293,0.0697,17.7049
1759902500518266150,5.3834,0.1136,17.6321
1759902500562670888,5.4522,0.1673,17.5523
1759902500610745153,5.5355,0.2309,17.4453
1759902500658725689,5.6168,0.2904,17.3308
1759902500704712966,5.7022,0.351,17.2572
1759902500755881053,5.8047,0.4235,17.1489
1759902500804615513,5.9173,0.5026,17.0875
1759902500854755615,6.0446,0.5911,17.0233
1759902500904517769,6.1697,0.6743,16.9187
1759902500950994386,6.3064,0.7648,16.7917
1759902501001044498,6.4733,0.8763,16.6937
1759902501078450281,6.6631,0.9943,16.5501
1759902501131783956,6.8482,1.1186,16.4137
1759902501179903136,7.0246,1.2294,16.3043
1759902501229577733,7.237,1.3634,16.2143
1759902501274156171,7.4439,1.4882,16.14
1759902501324423996,7.6343,1.5872,16.0905
1759902501377347932,7.8221,1.6773,16.1031
1759902501424581959,8.0069,1.7674,16.0964
1759902501476448554,8.2173,1.8698,16.051
1759902501520363250,8.408,1.9608,16.0187
1759902501577866282,8.557,1.9926,16.0563
1759902501623206338,8.6059,1.9572,16.0977
1759902501668332948,8.5576,1.8427,16.0476
1759902501719569605,8.4702,1.6876,16.017
1759902501763201644,8.3776,1.549,16.0101
1759902501809438625,8.2936,1.4193,16.0157
1759902501850390388,8.2201,1.3125,16.0384
1759902501900339868,8.1821,1.2258,16.0122
1759902501951349444,8.0866,1.0901,15.9672
1759902502000445942,7.9952,0.9649,15.9396
1759902502077177483,7.9787,0.8774,15.997
1759902502122444781,7.9388,0.8045,15.988
1759902502172688060,7.8997,0.7331,15.9503
1759902502223821461,7.8585,0.663,15.9119
1759902502272142144,7.8539,0.6309,15.8799
1759902502326488103,7.8551,0.6016,15.8224
1759902502379838630,7.8269,0.548,15.8437
1759902502414991437,7.8083,0.5169,15.8462
1759902502463870692,7.7905,0.481,15.8457
1759902502513462271,7.7829,0.4544,15.7377
1759902502568235623,7.766,0.4179,15.6107
1759902502610008357,7.7433,0.3843,15.5798
1759902502654765925,7.7274,0.3567,15.5283
1759902502704150050,7.7315,0.3453,15.481
1759902502750115525,7.7331,0.3333,15.4749
1759902502800414220,7.7409,0.3256,15.3894
1759902502850409927,7.752,0.3211,15.321
1759902502900526195,7.7475,0.3031,15.3215
1759902502951418668,7.7559,0.297,15.2516
1759902502999669087,7.7429,0.2731,15.11
1759902503071445117,7.7306,0.2426,14.9758
1759902503121537098,7.7511,0.2504,14.8948
1759902503168180792,7.7558,0.2442,14.8439
1759902503219502531,7.7658,0.2419,14.8083
1759902503268499661,7.7601,0.2266,14.8187
1759902503313145948,7.7641,0.2214,14.7848
1759902503365564602,7.7831,0.2277,14.7016
1759902503414848597,7.8051,0.2371,14.6541
1759902503465004730,7.8331,0.2509,14.6161
1759902503509641108,7.84,0.2473,14.5806
1759902503555304299,7.8329,0.2319,14.511
1759902503600164242,7.8123,0.2063,14.4529
1759902503680491540,7.7855,0.1648,14.3693
1759902503700200473,7.7563,0.1385,14.3493
1759902503749988426,7.7293,0.1103,14.2967
1759902503800210635,7.7063,0.0861,14.2509
1759902503850378069,7.7044,0.0807,14.1937
1759902503901106049,7.718,0.089,14.1143
1759902503950767432,7.7066,0.0752,14.0378
1759902504000503716,7.7223,0.0857,13.9316
1759902504080767724,7.7231,0.0797,13.8229
1759902504133046102,7.7438,0.0953,13.7315
1759902504182535357,7.7644,0.1097,13.6648
1759902504231100946,7.7698,0.1098,13.6079
1759902504285748098,7.771,0.1055,13.5368
1759902504320094361,7.8122,0.1362,13.4842
1759902504370676444,7.8163,0.1339,13.4126
1759902504414291029,7.8096,0.1236,13.3337
1759902504460246936,7.7868,0.1003,13.2627
1759902504504792903,7.761,0.0757,13.2132
1759902504556348927,7.7304,0.0466,13.1468
1759902504605830077,7.7078,0.0254,13.0775
1759902504656275500,7.7063,0.023,12.9841
1759902504700146252,7.7322,0.044,12.9021
1759902504750744766,7.7572,0.0636,12.7876
1759902504799872204,7.7814,0.0817,12.6837
1759902504850719460,7.796,0.0909,12.6164
1759902504899825066,7.8155,0.104,12.5586
1759902504951390388,7.8418,0.1225,12.5199
1759902505001015482,7.8607,0.1337,12.5023
1759902505089752570,7.8717,0.1329,12.432
1759902505131963055,7.8999,0.1538,12.4002
1759902505180489680,7.9205,0.1656,12.3743
1759902505230769699,7.9322,0.1686,12.3731
1759902505280988491,7.9283,0.1578,12.3825
1759902505336973055,7.938,0.1586,12.6162
1759902505426663937,7.9483,0.1547,12.7495
1759902505472848779,7.9193,0.1213,12.9581
1759902505523360578,7.9238,0.1198,13.0136
1759902505563395878,7.9048,0.1,13.0782
1759902505613691176,7.8705,0.0674,13.2227
1759902505663366054,7.8697,0.0639,13.3574
1759902505704819410,7.8746,0.0657,13.4407
1759902505754800600,7.8755,0.0638,13.5497
1759902505804999364,7.8791,0.0641,13.5873
1759902505850401769,7.8814,0.0636,13.6405
1759902505901245900,7.8833,0.0624,13.703
1759902505951216791,7.9056,0.0786,13.7505
1759902506035167628,7.8989,0.0658,13.8108
1759902506085643289,7.8891,0.0537,13.8543
1759902506135290514,7.9097,0.0697,13.8931
1759902506187970466,7.9584,0.1093,13.9317
1759902506227722217,7.9438,0.0936,13.9714
1759902506282148438,7.9462,0.0913,14.0204
1759902506323918737,7.959,0.0987,14.0486
1759902506372162133,7.9746,0.1076,14.0981
1759902506419340064,7.9798,0.1077,14.1591
1759902506467908869,7.9955,0.1164,14.204
1759902506517974059,8.016,0.1286,14.2454
1759902506567891718,8.0338,0.1383,14.2802
1759902506619058142,8.0345,0.1328,14.3254
1759902506668689858,8.0499,0.1403,14.3763
1759902506717719870,8.0547,0.1386,14.4356
1759902506764864778,8.0488,0.128,14.488
1759902506813422642,8.0535,0.1267,14.5248
1759902506883575535,8.0617,0.1261,14.5311
1759902506900618700,8.0449,0.1114,14.5354
1759902506984353507,8.0405,0.0985,14.5995
1759902507022766171,8.0308,0.0868,14.6281
1759902507070840666,8.0183,0.0725,14.6579
1759902507119424630,8.0122,0.0642,14.6778
1759902507168498766,7.9956,0.0473,14.6644
1759902507217794022,7.9804,0.0323,14.6639
1759902507270150950,7.9602,0.0132,14.708
1759902507320719377,7.9546,0.0077,14.7152
1759902507369538948,7.9686,0.0195,14.7143
1759902507417599978,7.9636,0.0145,14.7307
1759902507454366262,7.957,0.0086,14.7301
1759902507500816199,7.9731,0.0215,14.7102
1759902507550174625,7.9669,0.0154,14.7275
1759902507600523033,7.9684,0.016,14.7145
1759902507650534351,7.9785,0.0241,14.7093
1759902507700474824,7.9889,0.0321,14.6989
1759902507750673358,7.9994,0.04,14.6641
1759902507829753605,8.0049,0.0423,14.6258
1759902507851286446,8.0101,0.0458,14.6261
1759902507900351434,8.0267,0.0579,14.6334
1759902507988151981,8.0375,0.0637,14.5718
1759902508025078400,8.0461,0.0692,14.5641
1759902508068317321,8.0342,0.0564,14.544
1759902508117461801,8.0197,0.0417,14.4225
1759902508167481304,8.0091,0.0308,14.3279
1759902508218051524,7.9832,0.0071,14.3018
1759902508263748429,7.9885,0.0113,14.2775
1759902508314870779,8.0045,0.0245,14.2455
1759902508364404679,8.01,0.0282,14.1552
1759902508414974668,8.0262,0.041,14.0997
1759902508463848563,8.0348,0.0467,14.071
1759902508508695742,8.0499,0.0576,14.0133
1759902508558592122,8.064,0.0672,13.8854
1759902508609851552,8.047,0.0496,13.8198
1759902508659164432,8.0436,0.0445,13.8196
1759902508708610485,8.0652,0.0613,13.7931
1759902508759930881,8.0598,0.0538,13.7221
1759902508805727055,8.0615,0.0532,13.665
1759902508854885130,8.072,0.0599,13.6224
1759902508907087003,8.0675,0.0533,13.5602
1759902508974751154,8.0614,0.0442,13.5065
1759902509024968784,8.0471,0.0291,13.4712
1759902509075828585,8.0521,0.0323,13.4273
1759902509123233737,8.0586,0.0366,13.4047
1759902509168878423,8.0693,0.0443,13.3656
1759902509217009766,8.077,0.0491,13.3036
1759902509254434141,8.0762,0.0469,13.2791
1759902509310584902,8.0762,0.0447,13.2041
1759902509360039211,8.0849,0.0503,13.1653
1759902509412173475,8.0853,0.0483,13.1486
1759902509456538557,8.0731,0.0361,13.1218
1759902509502347435,8.0703,0.0324,13.074
1759902509550884279,8.0593,0.0217,13.0295
1759902509629705062,8.0732,0.0334,12.9377
1759902509651062911,8.0877,0.0448,12.9129
1759902509701704156,8.087,0.0422,12.8682
1759902509751249177,8.0833,0.0373,12.8545
1759902509801366125,8.0685,0.0229,12.8065
1759902509851033740,8.0698,0.023,12.7871
1759902509901666499,8.0706,0.0228,12.7494
1759902509984620281,8.0464,-0.003,12.7181
1759902510031636223,8.0288,-0.0193,12.6668
1759902510081082046,8.0131,-0.0326,12.6033
1759902510125790110,7.9959,-0.0462,12.5949
1759902510179436800,7.9924,-0.0471,12.5523
1759902510229755201,8.0083,-0.0313,12.5242
1759902510286619428,7.9831,-0.0521,12.4936
1759902510326864898,7.9807,-0.0523,12.4371
1759902510375488397,7.9877,-0.0442,12.4118
1759902510421312533,7.951,-0.0731,12.4135
1759902510480866815,7.9446,-0.0749,12.3893
1759902510510676824,7.9654,-0.0566,12.3687
1759902510556091381,7.962,-0.0573,12.3428
1759902510604727584,7.9834,-0.0374,12.3195
1759902510655092214,7.996,-0.0251,12.3045
1759902510705383103,7.9903,-0.0289,12.2912
1759902510756588852,8.0074,-0.0128,12.2714
1759902510800045306,8.0228,0.0008,12.2473
1759902510850524233,8.022,0.0,12.232
1759902510900673383,8.0093,-0.011,12.199
1759902510987005187,8.0025,-0.0169,12.1576
1759902511034092486,7.9918,-0.0261,12.1362
1759902511083334691,7.9904,-0.0263,12.127
1759902511133062850,7.9832,-0.0315,12.1009
1759902511182656874,7.9781,-0.0346,12.0709
1759902511237367016,7.9835,-0.0282,12.0241
1759902511279883724,7.9816,-0.0287,12.0232
1759902511330923677,7.9589,-0.0468,12.0152
1759902511381789650,7.9485,-0.0537,11.9817
1759902511436524378,7.9378,-0.0605,11.949
1759902511471259050,7.937,-0.0595,11.9411
1759902511523041455,7.9297,-0.063,11.9288
1759902511560705747,7.9341,-0.0576,11.9248
1759902511609380423,7.9398,-0.0506,12.0583
1759902511659343359,7.9621,-0.0297,12.106
1759902511705329313,7.9545,-0.0349,12.0974
1759902511750580260,7.9491,-0.0382,12.111
1759902511800770918,7.948,-0.0374,12.1888
1759902511850586925,7.9413,-0.0417,12.2474
1759902511900768857,7.8971,-0.0785,12.2723
1759902511981396967,7.8779,-0.0911,12.3273
1759902512031227180,7.8754,-0.0892,12.3382
1759902512072052673,7.8529,-0.1058,12.3688
1759902512119505385,7.8546,-0.1,12.3974
1759902512169384201,7.8801,-0.0737,12.3932
1759902512217952886,7.8987,-0.0545,12.4222
1759902512319192805,7.9569,0.0109,12.4961
1759902512364396482,8.0117,0.0621,12.4947
1759902512409648351,8.0162,0.0636,12.4871
1759902512459927668,8.0196,0.0638,12.4923
1759902512505785759,8.0308,0.0708,12.526
1759902512558809003,8.021,0.0593,12.5199
1759902512609502949,7.9985,0.0376,12.5567
1759902512661271838,7.9821,0.022,12.6046
1759902512704665173,7.9791,0.0188,12.6195
1759902512754209553,7.965,0.0062,12.6639
1759902512804467199,7.9516,-0.0052,12.734
1759902512854521568,7.9479,-0.0081,12.7908
1759902512900458619,7.9573,0.0,12.8439
1759902512974333840,7.9644,0.0065,12.9262
1759902513022429375,7.9694,0.0107,12.9791
1759902513072620134,7.9791,0.0188,13.0447
1759902513123979034,7.9587,0.0002,13.1416
1759902513174734486,7.9469,-0.01,13.2172
1759902513223468966,7.9415,-0.0143,13.2638
1759902513273197756,7.9435,-0.0119,13.3304
1759902513324903179,7.942,-0.0126,13.365
1759902513368948212,7.941,-0.013,13.425
1759902513419842955,7.9312,-0.0207,13.4724
1759902513464811422,7.9302,-0.0208,13.542
1759902513509191812,7.9355,-0.0157,13.6438
1759902513559469342,7.9333,-0.0169,13.752
1759902513609720863,7.9347,-0.015,13.8289
1759902513654459403,7.9178,-0.0285,13.9196
1759902513705859225,7.9114,-0.0327,13.9863
1759902513755467885,7.9099,-0.0327,14.0083
1759902513804823024,7.9027,-0.0374,14.0801
1759902513854493561,7.9157,-0.0246,14.0991
1759902513900658110,7.9253,-0.0154,14.1511
1759902513982073890,7.9228,-0.0167,14.2756
1759902514035567068,7.94,0.0004,14.3663
1759902514073040710,7.9461,0.0057,14.4352
1759902514125457944,7.9536,0.012,14.5056
1759902514171886144,7.9559,0.0135,14.5766
1759902514218737326,7.9606,0.0169,14.6764
1759902514268747359,7.958,0.014,14.76
1759902514310097293,7.953,0.0094,14.821
1759902514370521495,7.9495,0.0058,14.9148
1759902514419514906,7.9407,-0.0021,14.9745
1759902514463898883,7.9404,-0.0022,15.04
1759902514508673071,7.9312,-0.0098,15.0973
1759902514559895145,7.9124,-0.0254,15.143
1759902514604369614,7.9139,-0.0232,15.1854
1759902514654906086,7.924,-0.0136,15.215
1759902514704430817,7.9283,-0.0093,15.3465
1759902514754976156,7.9406,0.0018,15.4271
1759902514805564737,7.9526,0.0122,15.4774
1759902514854467175,7.9401,0.0008,15.5478
1759902514904861137,7.9189,-0.0178,15.6189
1759902514973725909,7.878,-0.0553,15.6906
1759902515022418680,7.8767,-0.0539,15.7491
1759902515067974743,7.8943,-0.0364,15.836
1759902515117882250,7.9282,-0.0052,15.8843
1759902515168267956,7.9407,0.0059,15.9489
1759902515219218094,7.8951,-0.0341,16.0205
1759902515263188485,7.9167,-0.0146,16.0798
1759902515314053842,7.9353,0.002,16.1369
1759902515363039860,7.9066,-0.0227,16.1795
1759902515409352419,7.8918,-0.0343,16.2328
1759902515459188331,7.8901,-0.0343,16.299
1759902515510357204,7.8525,-0.0654,16.3436
1759902515559111191,7.8767,-0.0417,16.4123
1759902515609053475,7.8793,-0.0376,16.4718
1759902515659090228,7.8934,-0.0238,16.5209
1759902515708933734,7.9097,-0.0085,16.5914
1759902515760439827,7.9338,0.013,16.6674
1759902515811470889,7.927,0.0064,16.7514
1759902515854562762,7.9432,0.0199,16.8466
1759902515900239494,7.9489,0.024,16.9573
1759902515979039977,7.9349,0.0088,17.1467
1759902516030055870,7.9585,0.0302,17.2991
1759902516073491185,7.9782,0.0464,17.3409
1759902516118362367,7.9802,0.0463,17.3327
1759902516168369844,7.9848,0.0482,17.2268
1759902516217787852,7.9638,0.0283,16.9817
1759902516266271505,7.9576,0.0218,16.9498
1759902516313905555,7.959,0.0221,16.8872
1759902516363503304,7.9842,0.0427,16.7273
1759902516409314742,8.0084,0.0615,16.6445
1759902516450430983,8.0256,0.0734,16.6411
1759902516500462115,8.0505,0.0913,16.6078
1759902516550307224,8.0686,0.1028,16.5557
1759902516600195576,8.1179,0.141,16.6158
1759902516650756344,8.1931,0.2004,16.6676
1759902516700467318,8.2052,0.2022,16.6448
1759902516750252063,8.1894,0.1796,16.6083
1759902516800482323,8.2444,0.22,16.5608
1759902516850935507,8.2599,0.2238,16.5605
1759902516928942964,8.2908,0.2369,16.5675
1759902516981360719,8.2991,0.233,16.6308
1759902517034876209,8.2583,0.1839,16.6619
1759902517080252120,8.2493,0.1686,16.6875
1759902517132914951,8.1792,0.0992,16.7474
1759902517173688250,8.1612,0.0808,16.807
1759902517222665631,8.1425,0.0618,16.8855
1759902517272485692,8.0745,0.0018,16.9656
1759902517322767030,8.0551,-0.0148,17.0431
1759902517372852536,8.047,-0.0211,17.1111
1759902517422622532,8.0199,-0.0434,17.1604
1759902517467501629,7.9855,-0.0706,17.2223
1759902517513262071,7.9846,-0.0687,17.2909
1759902517563723210,7.9868,-0.0639,17.3947
1759902517614090530,8.0339,-0.0207,17.4886
1759902517663399631,8.0834,0.0227,17.5408
1759902517709719786,8.1223,0.0549,17.6354
1759902517754704764,8.1593,0.084,17.7145
1759902517800063552,8.1982,0.1133,17.7705
1759902517850205044,8.2268,0.1328,17.857
1759902517927857176,8.2255,0.1216,17.9558
1759902517973324821,8.2092,0.1017,18.0429
1759902518024654490,8.1762,0.0673,18.1125
1759902518068548045,8.1673,0.057,18.1855
1759902518118747177,8.1489,0.0386,18.2549
1759902518167831441,8.1202,0.0123,18.2976
1759902518217247746,8.1206,0.0121,18.3379
1759902518269056274,8.136,0.025,18.406
1759902518318209799,8.1078,-0.0006,18.4618
1759902518362896581,8.1175,0.0077,18.5277
1759902518413749875,8.1215,0.0108,18.5941
1759902518460102962,8.1274,0.0154,18.6078
1759902518506536902,8.1407,0.026,18.667
1759902518554444501,8.1263,0.0128,18.7506
1759902518600057783,8.0888,-0.0193,18.8017
1759902518650649450,8.0825,-0.0239,18.8892
1759902518700266877,8.0416,-0.0582,19.0003
1759902518750774795,8.0391,-0.0579,19.0758
1759902518800055552,8.0222,-0.0701,19.1274
1759902518850057859,7.9766,-0.107,19.1653
1759902518922938389,7.9505,-0.1246,19.1528
1759902518980070177,7.9361,-0.1315,19.1761
1759902519022567250,7.9181,-0.1426,19.1468
1759902519077864715,7.9101,-0.1426,19.1648
1759902519122205239,7.9421,-0.1096,19.1585
1759902519176019016,7.9557,-0.0926,19.1384
1759902519222891579,7.9358,-0.1059,19.1214
1759902519273132690,7.9424,-0.0956,19.122
1759902519323607936,7.9505,-0.0845,19.1313
1759902519375706004,7.9381,-0.0914,19.1345
1759902519424865832,7.9113,-0.1107,19.1722
1759902519465659400,7.9108,-0.1074,19.2026
1759902519514792947,7.9219,-0.0937,19.2067
1759902519563985948,7.9211,-0.0904,19.2534
1759902519610900210,7.9178,-0.0896,19.2841
1759902519654500960,7.9427,-0.0658,19.3208
1759902519705276897,7.9576,-0.0503,19.3169
1759902519750873597,7.9687,-0.039,19.3007
1759902519830001151,7.9326,-0.0707,19.3008
1759902519851058144,7.9368,-0.0661,19.2843
1759902519932850429,7.9372,-0.0606,19.266
1759902519989597457,7.9388,-0.0558,19.3071
1759902520034402704,7.9252,-0.0657,19.3121
1759902520085881666,7.9029,-0.0825,19.3225
1759902520133411387,7.9114,-0.0717,19.3342
1759902520169235086,7.9271,-0.057,19.3525
1759902520218259146,7.929,-0.0531,19.3617
1759902520263824636,7.9366,-0.0449,19.3906
1759902520314045058,7.933,-0.046,19.4033
1759902520363528541,7.9456,-0.0334,19.4303
1759902520414539153,7.9548,-0.024,19.3886
1759902520465658653,7.9616,-0.017,19.3681
1759902520514261232,7.9424,-0.033,19.3243
1759902520563718324,7.9526,-0.0226,19.2689
1759902520608898082,7.9602,-0.0154,19.2685
1759902520650448097,7.9686,-0.0078,19.3011
1759902520702568788,7.9657,-0.01,19.3235
1759902520751311653,7.9697,-0.0061,19.3755
1759902520801322116,7.9605,-0.0138,19.4619
1759902520886034608,7.9469,-0.0262,19.4997
1759902520929667418,7.9409,-0.0307,19.4895
1759902520968338334,7.9549,-0.0176,19.4746
1759902521016085489,7.9619,-0.0109,19.4564
1759902521064014930,7.967,-0.0062,19.4019
1759902521131128827,7.9584,-0.0137,19.3872
1759902521167319843,7.9555,-0.0157,19.4195
1759902521214882577,7.9383,-0.0296,19.4202
1759902521264551742,7.9619,-0.0083,19.4395
1759902521317847996,7.9762,0.0045,19.4492
1759902521367117622,7.9927,0.0186,19.4212
1759902521409948238,7.9924,0.0177,19.406
1759902521462218654,7.9954,0.0195,19.4037
1759902521500684911,7.9883,0.0131,19.4149
1759902521551583962,7.9983,0.021,19.4572
1759902521600963998,8.0116,0.0314,19.4759
1759902521651820378,8.0304,0.0464,19.4708
1759902521701491616,8.044,0.0562,19.4354
1759902521750316077,8.0538,0.0623,19.4355
1759902521800573589,8.07,0.0738,19.4326
1759902521871721237,8.0923,0.09,19.4181
1759902521930565098,8.114,0.1056,19.3548
1759902521988813527,8.1107,0.0967,19.283
1759902522032436999,8.1042,0.0872,19.2238
1759902522076678385,8.136,0.111,19.1847
1759902522110119990,8.1338,0.1064,19.1767
1759902522167304979,8.1731,0.1345,18.9941
1759902522214333639,8.1615,0.1194,18.9316
1759902522264428052,8.1653,0.1175,18.8773
1759902522310161291,8.1795,0.1249,18.7879
1759902522360081904,8.1779,0.1183,18.654
1759902522400430887,8.1759,0.1128,18.561
1759902522455394237,8.1905,0.12,18.4985
1759902522504231732,8.1582,0.0871,18.4392
1759902522555191939,8.1528,0.0784,18.3126
1759902522601439526,8.1545,0.0768,18.2438
1759902522650845841,8.1437,0.0642,18.1234
1759902522700951726,8.1115,0.0334,18.0207
1759902522752810179,8.091,0.0138,17.9272
1759902522801074074,8.0881,0.0107,17.8362
1759902522879738028,8.0956,0.0172,17.651
1759902522931419285,8.1069,0.027,17.5225
1759902522988207320,8.1027,0.0216,17.3811
1759902523037185563,8.0934,0.0123,17.2806
1759902523079904237,8.0684,-0.0095,17.2099
1759902523124803352,8.0505,-0.024,17.1273
1759902523181130602,8.0373,-0.0343,16.9915
1759902523219724873,8.0431,-0.0284,16.9122
1759902523269221801,8.0292,-0.0389,16.8358
1759902523318988060,8.013,-0.0508,16.7776
1759902523367567034,8.0194,-0.0433,16.677
1759902523419525437,7.9848,-0.0712,16.5599
1759902523474065604,7.9897,-0.0634,16.4355
1759902523508951701,7.9614,-0.0848,16.3543
1759902523556035025,7.9791,-0.0669,16.2921
1759902523600583705,8.0012,-0.0463,16.2039
1759902523651804216,7.9841,-0.0587,16.0844
1759902523700385585,8.002,-0.041,15.9741
1759902523751099244,8.0302,-0.0147,15.8712
1759902523801063719,8.0387,-0.0066,15.7611
1759902523874502529,8.0138,-0.0301,15.5562
1759902523922702864,7.99,-0.0507,15.4769
1759902523974974412,7.9758,-0.0611,15.3911
1759902524018455564,7.9661,-0.0673,15.319
1759902524064044089,7.9712,-0.0603,15.2263
1759902524115998374,7.9868,-0.0441,15.1185
1759902524163576086,8.0135,-0.0195,15.012
1759902524214651722,8.033,-0.0018,14.9009
1759902524265957526,8.0381,0.0027,14.7783
1759902524316084590,8.0388,0.0032,14.6597
1759902524359428061,8.0362,0.0009,14.5757
1759902524411882666,8.0465,0.0097,14.4781
1759902524459116366,8.0569,0.0183,14.3862
1759902524509894336,8.0555,0.0162,14.2751
1759902524555033347,8.0724,0.03,14.19
1759902524604480290,8.0697,0.0264,14.0731
1759902524675592922,8.0773,0.0318,13.9223
1759902524701380900,8.0757,0.0298,13.8793
1759902524750085894,8.06,0.0154,13.8294
1759902524801607837,8.0515,0.0075,13.7562
1759902524878053668,8.0514,0.0068,13.6068
1759902524930954952,8.0481,0.0034,13.4915
1759902524981456377,8.0673,0.0207,13.3882
1759902525019744998,8.0687,0.0212,13.3143
1759902525059850028,8.0697,0.0213,13.2252
1759902525114815331,8.0827,0.0314,13.1312
1759902525168255749,8.0861,0.0329,13.0403
1759902525216549251,8.0853,0.0309,12.9658
1759902525267465985,8.0939,0.0369,12.8567
1759902525316316435,8.0849,0.0276,12.76
1759902525363861426,8.0813,0.0234,12.6699
1759902525414383340,8.0757,0.0175,12.5744
1759902525464664688,8.0473,-0.0078,12.5144
1759902525510052852,8.0449,-0.0096,12.4178
1759902525555500479,8.0431,-0.0107,12.3468
1759902525604676387,8.0267,-0.0241,12.2798
1759902525650854702,8.0269,-0.023,12.1925
1759902525700595934,8.021,-0.0271,12.087
1759902525751909902,8.0076,-0.0375,11.9798
1759902525828725636,7.997,-0.0451,11.8722
1759902525877865846,7.9964,-0.0436,11.7963
1759902525940986499,7.9862,-0.0506,11.7035
1759902525974964372,7.9771,-0.0569,11.6241
1759902526026002397,7.979,-0.0528,11.5566
1759902526070428023,7.9746,-0.0545,11.458
1759902526118902949,7.9654,-0.0601,11.3461
1759902526170430574,7.9525,-0.0684,11.2643
1759902526224745332,7.9461,-0.0707,11.1918
1759902526269269706,7.9421,-0.0715,11.1165
1759902526315887505,7.9421,-0.0686,11.0381
1759902526360534842,7.9513,-0.0584,10.9595
1759902526409309468,7.955,-0.053,10.8669
1759902526462556338,7.9575,-0.0483,10.744
1759902526509853528,7.9657,-0.0393,10.653
1759902526559313215,7.9717,-0.0325,10.5678
1759902526611300473,7.9852,-0.0192,10.4578
1759902526659294075,8.0011,-0.0046,10.3651
1759902526710071615,8.0097,0.0031,10.2882
1759902526750670002,8.0069,0.0006,10.2196
1759902526837787181,8.0048,-0.0015,10.0816
1759902526875363137,8.0094,0.0027,10.0489
1759902526928577826,8.0097,0.0028,9.9658
1759902526982987695,8.016,0.0084,9.8704
1759902527022759242,8.0295,0.0195,9.8059
1759902527066677153,8.0423,0.0293,9.7219
1759902527116061908,8.0576,0.041,9.6365
1759902527162782142,8.0687,0.0486,9.5631
1759902527214712361,8.0739,0.0509,9.4767
1759902527267324726,8.0776,0.0518,9.39
1759902527313859348,8.08,0.0518,9.3068
1759902527360961567,8.0697,0.0409,9.2435
1759902527411885595,8.0712,0.0405,9.1546
1759902527460645544,8.0722,0.0396,9.0835
1759902527500885500,8.0727,0.0387,9.0058
1759902527554995269,8.0673,0.0322,8.8808
1759902527611009635,8.0663,0.0298,8.8045
1759902527655045631,8.0895,0.0486,8.7307
1759902527714287857,8.1039,0.0591,8.6651
1759902527750557613,8.1102,0.0626,8.6342
1759902527828155793,8.126,0.073,8.5074
1759902527868438620,8.1354,0.0787,8.4579
1759902527924098643,8.1183,0.0594,8.3772
1759902527973841358,8.1087,0.0482,8.3174
1759902528018896219,8.0773,0.0194,8.2808
1759902528067743974,8.0515,-0.0034,8.2144
1759902528114128180,8.0238,-0.0267,8.1504
1759902528168146455,8.0095,-0.0379,8.0808
1759902528217356287,7.9872,-0.0556,8.0181
1759902528267523729,7.9709,-0.0672,7.9622
1759902528318194666,7.9743,-0.0613,7.8585
1759902528369560684,7.9617,-0.0696,7.8003
1759902528418624699,7.9497,-0.077,7.7408
1759902528463239084,7.9414,-0.0812,7.6892
1759902528513716335,7.9321,-0.0857,7.6122
1759902528559646086,7.9287,-0.0852,7.5744
1759902528602382115,7.9265,-0.084,7.5427
1759902528650763685,7.9157,-0.0896,7.4749
1759902528701027349,7.9018,-0.0977,7.3756
1759902528752879127,7.8947,-0.0994,7.3195
1759902528823411166,7.8884,-0.0988,7.2301
1759902528874922085,7.8916,-0.0911,7.1547
1759902528923154571,7.9064,-0.0739,7.1156
1759902528970183084,7.9051,-0.072,7.0594
1759902529014377481,7.9195,-0.0571,6.9933
1759902529068266709,7.9327,-0.043,6.9068
1759902529117931552,7.9486,-0.0273,6.8294
1759902529164269260,7.9602,-0.0163,6.7561
1759902529214820080,7.9656,-0.011,6.6806
1759902529255838309,7.9636,-0.0123,6.614
1759902529311628687,7.962,-0.013,6.5529
1759902529356786168,7.9701,-0.0057,6.4845
1759902529409604667,7.9759,-0.0004,6.4262
1759902529455925934,7.9862,0.0085,6.3771
1759902529504563792,7.9876,0.0093,6.3292
1759902529555281982,7.9826,0.0046,6.233
1759902529605517943,7.9729,-0.0041,6.1791
1759902529651118267,7.9628,-0.0125,6.1192
1759902529701581602,7.9736,-0.0026,6.0392
1759902529773695484,7.9848,0.0082,5.9578
1759902529823284724,7.9867,0.0095,5.9179
1759902529868699585,7.985,0.0076,5.864
1759902529915045990,7.9837,0.0062,5.8142
1759902529968511140,7.9828,0.0051,5.7615
1759902530011010229,7.9881,0.0095,5.7062
1759902530059259978,7.995,0.0149,5.6383
1759902530109867758,8.0031,0.0212,5.5753
1759902530160078731,8.009,0.0253,5.5298
1759902530208851787,8.0101,0.0252,5.4817
1759902530260835627,8.014,0.0275,5.4177
1759902530300707443,8.0136,0.0262,5.3734
1759902530355387627,8.0105,0.0223,5.3266
1759902530400541381,8.011,0.0219,5.2805
1759902530450543186,8.0055,0.0161,5.2401
1759902530501456868,8.0013,0.0119,5.2138
1759902530580367333,7.9921,0.002,5.1605
1759902530600922194,7.9825,-0.006,5.1461
1759902530652110840,7.9755,-0.0117,5.1456
1759902530700297699,7.9705,-0.0155,5.2806
1759902530781256374,7.9946,0.0091,5.4371
1759902530837832028,7.9935,0.0076,5.5299
1759902530887901212,7.9865,0.0008,5.6211
1759902530939162175,7.9999,0.0128,5.7538
1759902530986007310,7.9912,0.0047,5.8744
1759902531044288411,7.988,0.0016,6.0385
1759902531080534192,8.0066,0.0169,6.1291
1759902531125957329,8.0142,0.0224,6.2385
1759902531174119722,8.0167,0.0236,6.3406
1759902531216932167,8.0124,0.0193,6.4499
1759902531267459293,8.0094,0.016,6.587
1759902531314708837,8.0101,0.0159,6.6901
1759902531368949795,8.0137,0.0183,6.7974
1759902531408460012,8.0191,0.0222,6.8771
1759902531456667491,8.0231,0.0246,6.9694
1759902531506656853,8.0351,0.0338,7.0928
1759902531556909246,8.0468,0.0424,7.2227
1759902531600593601,8.0611,0.0529,7.3542
1759902531651962981,8.0566,0.0467,7.5032
1759902531702659489,8.0653,0.0523,7.639
1759902531780881313,8.0413,0.0248,7.8607
1759902531834304684,8.0293,0.0122,8.015
1759902531874087660,8.0116,-0.0039,8.1468
1759902531923567532,7.9927,-0.0201,8.2899
1759902531975200353,7.982,-0.0285,8.42
1759902532024303638,7.9835,-0.0261,8.5569
1759902532079538168,7.9753,-0.032,8.7036
1759902532123923669,7.9848,-0.0227,8.8044
1759902532175604592,7.9795,-0.0263,8.9298
1759902532219480281,7.9819,-0.0233,9.0528
1759902532268520246,7.9775,-0.026,9.1575
1759902532318179689,7.9773,-0.0251,9.2608
1759902532366262490,7.9803,-0.0215,9.3984
1759902532411099150,7.9826,-0.0188,9.5168
1759902532455246438,7.9752,-0.0242,9.6395
1759902532505176146,7.9758,-0.0227,9.7827
1759902532550412196,7.9823,-0.0163,9.8894
1759902532600458887,7.9811,-0.0167,10.0052
1759902532650260592,7.9953,-0.0037,10.1135
1759902532729784224,8.006,0.007,10.2788
1759902532778466868,8.0199,0.0197,10.3982
1759902532867545004,8.0276,0.0258,10.6629
1759902532922831783,8.0325,0.0292,10.8028
1759902532975632559,8.0359,0.0309,10.9164
1759902533023600842,8.0259,0.0207,11.0368
1759902533079823494,8.0218,0.0161,11.1712
1759902533124001469,8.043,0.0333,11.2787
1759902533172779314,8.0372,0.0271,11.3798
1759902533222823861,8.0178,0.01,11.498
1759902533272478676,8.0098,0.0029,11.6002
1759902533322520778,8.025,0.0155,11.697
1759902533360412133,8.018,0.0095,11.7962
1759902533420021563,8.019,0.0098,11.9168
1759902533468278496,8.0196,0.01,12.0289
1759902533513660535,8.0291,0.0174,12.1063
1759902533568575676,8.0391,0.0251,12.1913
1759902533606059114,8.046,0.0299,12.2821
1759902533654996172,8.0602,0.0403,12.3944
1759902533700776709,8.0614,0.0398,12.4963
1759902533773011442,8.0599,0.0358,12.6296
1759902533824188565,8.0612,0.0353,12.7583
1759902533868503752,8.0467,0.0215,12.8533
1759902533919432292,8.0485,0.022,12.9432
1759902533967693423,8.0345,0.0092,13.0037
1759902534015333341,8.0274,0.0028,13.0688
1759902534055836930,8.0253,0.0009,13.1241
1759902534108897310,8.0267,0.0021,13.216
1759902534159190490,8.0308,0.0055,13.3234
1759902534208978699,8.0368,0.0104,13.4179
1759902534255374548,8.0381,0.0111,13.4865
1759902534308036800,8.0391,0.0115,13.5552
1759902534351003869,8.0247,-0.0011,13.6241
1759902534401466322,8.0172,-0.0075,13.6983
1759902534450490967,8.0057,-0.017,13.761
1759902534500510156,7.9973,-0.0235,13.8245
1759902534552098603,7.973,-0.0438,13.9186
1759902534600367067,7.9615,-0.0519,13.9818
1759902534651601901,7.9289,-0.0783,14.0739
1759902534700387841,7.9235,-0.0796,14.1518
1759902534780676250,7.9117,-0.0849,14.3553
1759902534829253994,7.9208,-0.0726,14.4592
1759902534863849752,7.9581,-0.0389,14.5389
1759902534914449877,7.9543,-0.0405,14.6273
1759902534959838338,7.8252,-0.1472,14.6976
1759902535009981763,7.74,-0.2133,14.8127
1759902535058939420,7.7297,-0.2132,14.931
1759902535115280698,7.7215,-0.2099,15.0641
1759902535165093013,7.6772,-0.2394,15.1827
1759902535215867359,7.7335,-0.1796,15.3021
1759902535263643847,7.7992,-0.1156,15.4341
1759902535314087965,7.8499,-0.0666,15.5836
1759902535354474741,7.893,-0.0287,15.6797
1759902535408993228,7.9243,-0.0004,15.7915
1759902535459027034,7.9502,0.0221,15.8738
1759902535500437790,7.9838,0.0493,15.9472
1759902535550577308,7.9934,0.0554,16.055
1759902535600473943,7.9732,0.0356,16.1368
1759902535650683996,7.9977,0.0553,16.272
1759902535722172858,7.9513,0.0076,16.4898
1759902535780060760,7.9886,0.0424,16.6133
1759902535822625654,7.9934,0.045,16.7245
1759902535868690673,8.0332,0.0776,16.8432
1759902535918914061,8.038,0.0784,16.9358
1759902535972172979,8.0476,0.0831,17.0761
1759902536017711044,8.0903,0.1162,17.1871
1759902536054849284,8.1081,0.1271,17.2402
1759902536104923247,8.1251,0.136,17.3503
1759902536151171485,8.137,0.1406,17.442
1759902536201139005,8.1157,0.1166,17.5365
1759902536250688860,8.1,0.0982,17.6124
1759902536303855853,8.0824,0.0782,17.7152
1759902536350053956,8.0781,0.0714,17.8321
1759902536401361738,8.0994,0.0868,17.9813
1759902536451335530,8.1057,0.0885,18.0785
1759902536500454184,8.0827,0.0647,18.192
1759902536551536287,8.0842,0.0631,18.3131
1759902536601116600,8.1003,0.0744,18.39
1759902536684431622,8.0696,0.0379,18.5224
1759902536741057341,8.0838,0.0495,18.5934
1759902536785005318,8.0995,0.0617,18.665
1759902536839527392,8.0804,0.0416,18.7531
1759902536884257779,8.109,0.0645,18.8177
1759902536935778978,8.0903,0.0456,18.8734
1759902536987408253,8.0858,0.0397,18.9187
1759902537033664265,8.0762,0.0301,18.9347
1759902537084101530,8.0391,-0.0026,18.9699
1759902537132827486,8.0453,0.0027,18.9958
1759902537182152774,8.0257,-0.014,19.0096
1759902537220499455,8.0385,-0.0032,19.0202
1759902537283938388,8.0327,-0.0081,19.0718
1759902537330887811,8.0074,-0.0296,19.0519
1759902537364249750,8.0134,-0.024,19.0751
1759902537413961764,8.0086,-0.027,19.0984
1759902537455006103,7.9993,-0.0336,19.1165
1759902537505852967,7.9833,-0.0455,19.1669
1759902537554846643,8.0078,-0.0228,19.2156
1759902537600342158,8.0018,-0.0271,19.2422
1759902537678208294,7.9842,-0.042,19.272
1759902537728337562,7.9845,-0.0397,19.2734
1759902537777831620,7.9756,-0.0459,19.2814
1759902537822446749,7.9269,-0.0866,19.2675
1759902537873077862,7.9035,-0.1031,19.2727
1759902537926369553,7.8925,-0.108,19.2633
1759902537971944248,7.8974,-0.0995,19.2682
1759902538027334525,7.873,-0.1162,19.3018
1759902538069797044,7.8536,-0.1285,19.3225
1759902538119341298,7.8601,-0.1174,19.3152
1759902538165875270,7.8834,-0.0932,19.3203
1759902538204905172,7.8947,-0.081,19.3317
1759902538262171802,7.9052,-0.068,19.3128
1759902538305422952,7.9286,-0.0458,19.3008
1759902538357411351,7.9455,-0.0291,19.3038
1759902538405515022,7.964,-0.012,19.2852
1759902538450431153,7.9594,-0.0154,19.2722
1759902538500266612,7.95,-0.0228,19.2793
1759902538552032988,7.9492,-0.0225,19.3191
1759902538600216351,7.9577,-0.0141,19.3285
1759902538683799944,7.9577,-0.013,19.3603
1759902538730616083,7.9517,-0.018,19.3996
1759902538781665444,7.9475,-0.021,19.4024
1759902538823322278,7.9659,-0.0045,19.4356
1759902538872519692,7.9851,0.0123,19.4706
1759902538923999051,8.0053,0.0291,19.4459
1759902538970506142,8.0167,0.0377,19.4164
1759902539012592555,8.0158,0.0356,19.4141
1759902539062768382,8.0153,0.0337,19.3854
1759902539109516532,8.0148,0.032,19.3937
1759902539159174372,7.9964,0.015,19.4198
1759902539209069976,7.9799,0.0002,19.4468
1759902539258860990,7.9557,-0.0207,19.4704
1759902539308926456,7.9351,-0.0377,19.5126
1759902539359282216,7.9474,-0.0253,19.4904
1759902539405304123,7.9625,-0.0114,19.4736
1759902539486317652,7.9516,-0.0211,19.446
1759902539501437524,7.9569,-0.0166,19.444
1759902539550329156,7.9542,-0.0181,19.441
1759902539629413982,7.9613,-0.01,19.4
1759902539673838498,7.9821,0.009,19.373
1759902539717493718,8.0029,0.0267,19.3571
1759902539770356682,8.0061,0.0282,19.344
1759902539820856515,8.0082,0.0288,19.3795
1759902539869180075,8.0098,0.0289,19.4079
1759902539918937395,8.029,0.0443,19.4285
1759902539970717738,8.0461,0.0572,19.4466
1759902540019286625,8.0553,0.0627,19.3941
1759902540068984391,8.0195,0.0291,19.3399
1759902540116001433,8.0327,0.0392,19.1061
1759902540159301036,8.0151,0.0231,19.0204
1759902540209025523,7.9963,0.0063,18.9867
1759902540259227009,8.0067,0.0149,18.8638
1759902540304812124,7.9961,0.0054,18.778
1759902540355719575,7.9703,-0.0171,18.6819
1759902540426246435,7.9973,0.0095,18.6167
1759902540455109497,7.9833,-0.0024,18.5809
1759902540500558633,7.9762,-0.0082,18.4907
1759902540578593060,7.9988,0.0138,18.3305
1759902540627811574,7.9749,-0.0087,18.2203
1759902540668600676,7.955,-0.0256,18.129
1759902540718414023,7.9738,-0.0082,18.0564
1759902540763533211,7.9724,-0.0091,17.9595
1759902540814219059,7.9955,0.0111,17.8573
1759902540859087449,7.9942,0.0096,17.7611
1759902540909493785,7.9963,0.0109,17.6754
1759902540961115104,7.9948,0.0091,17.5943
1759902541014313918,7.9937,0.0077,17.5019
1759902541059537204,8.023,0.0326,17.4229
1759902541110156746,8.0323,0.0393,17.3744
1759902541159678938,8.0512,0.0539,17.2694
1759902541209825599,8.0557,0.0555,17.1633
1759902541259109087,8.0317,0.0322,17.0685
1759902541305305607,8.0141,0.0159,16.9751
1759902541350782506,8.0434,0.0401,16.8814
1759902541400694380,8.0378,0.0336,16.7853
1759902541450397276,8.0215,0.018,16.7144
1759902541500751814,8.0459,0.0385,16.6722
1759902541577465275,8.0178,0.0085,16.5222
1759902541632022755,8.0469,0.0356,16.4114
1759902541685603787,8.0212,0.01,16.3393
1759902541728594792,8.0364,0.0229,16.2671
1759902541781365189,8.0261,0.0129,16.1808
1759902541823946685,8.0066,-0.0041,16.0865
1759902541868865862,8.0165,0.0043,15.9743
1759902541918424313,8.0207,0.0076,15.9157
1759902541966273259,7.9967,-0.0128,15.8364
1759902542017338460,7.9851,-0.0221,15.6975
1759902542064271211,7.9889,-0.018,15.6139
1759902542110751842,7.9886,-0.0175,15.5477
1759902542160666291,7.9824,-0.0221,15.4524
1759902542214039106,7.9809,-0.0224,15.3815
1759902542256508197,7.9649,-0.0351,15.3091
1759902542304670029,7.9622,-0.0359,15.2429
1759902542354591121,7.9603,-0.036,15.1853
1759902542405886560,7.968,-0.0277,15.1321
1759902542455463536,7.9768,-0.0189,15.0431
1759902542500332508,7.9832,-0.0127,14.9545
1759902542571717562,7.9878,-0.0075,14.8097
1759902542623425436,8.0036,0.0075,14.7251
1759902542669822908,8.0119,0.0145,14.6575
1759902542721177270,8.0271,0.0273,14.5897
1759902542767280832,8.038,0.0356,14.5407
1759902542818755783,8.0459,0.0409,14.4593
1759902542868176752,8.0577,0.0493,14.3903
1759902542918088927,8.0631,0.0519,14.297
1759902542967985132,8.0761,0.0609,14.2125
1759902543008518106,8.085,0.0662,14.1442
1759902543063953749,8.0982,0.0744,14.0394
1759902543111153249,8.1102,0.0817,13.9465
1759902543160523391,8.116,0.0832,13.8828
1759902543209033466,8.1351,0.0962,13.8162
1759902543259606970,8.1551,0.1093,13.725
1759902543304436897,8.154,0.1042,13.6392
1759902543354613536,8.1685,0.1122,13.56
1759902543405304995,8.182,0.1189,13.4769
1759902543454680938,8.1885,0.1195,13.375
1759902543505576716,8.2023,0.1263,13.2902
1759902543581619090,8.1956,0.1105,13.2111
1759902543635216252,8.2042,0.113,13.1404
1759902543672797706,8.2332,0.1344,13.1194
1759902543726775242,8.2525,0.145,13.0599
1759902543773212560,8.2807,0.1634,12.9502
1759902543827171050,8.3201,0.1901,12.8766
1759902543874858839,8.3506,0.2085,12.815
1759902543925726744,8.3973,0.2396,12.7319
1759902543969704719,8.4356,0.2628,12.662
1759902544018899888,8.455,0.2683,12.5841
1759902544068945317,8.4779,0.2764,12.5042
1759902544110162034,8.4776,0.2667,12.4643
1759902544159533338,8.4965,0.2716,12.3809
1759902544211441624,8.5074,0.2688,12.2924
1759902544259320598,8.5142,0.2636,12.2459
1759902544309822255,8.5373,0.2721,12.1846
1759902544359948648,8.5567,0.2771,12.1107
1759902544409617269,8.6188,0.3192,12.0407
1759902544462914329,8.631,0.315,11.9951
1759902544500525420,8.636,0.3093,11.9148
1759902544550351130,8.642,0.3012,11.8344
1759902544618036329,8.6616,0.3006,11.7772
1759902544669821240,8.6288,0.2564,11.6986
1759902544720187380,8.6933,0.3027,11.5922
1759902544768631148,8.7147,0.3086,11.5529
1759902544832925380,8.73,0.3044,11.4424
1759902544869610948,8.7711,0.3299,11.3666
1759902544914000276,8.8502,0.3837,11.2919
1759902544964422963,8.8546,0.3711,11.1829
1759902545013792154,8.872,0.3703,11.0797
1759902545059485856,8.8411,0.3301,11.048
1759902545109994016,8.7709,0.2558,11.0203
1759902545160487748,8.7464,0.2235,10.9527
1759902545205083480,8.7394,0.2091,10.895
1759902545255048235,8.7137,0.1781,10.8194
1759902545300790966,8.6822,0.1445,10.7383
1759902545350850446,8.6745,0.1317,10.6365
1759902545401476465,8.6929,0.1419,10.6023
1759902545451441164,8.7212,0.1604,10.5382
1759902545500536318,8.7415,0.1712,10.4721
1759902545550878937,8.7501,0.1712,10.4096
1759902545632177113,8.7817,0.1886,10.3045
1759902545686113013,8.832,0.2269,10.2364
1759902545730040167,8.869,0.2511,10.1576
1759902545776717437,8.9019,0.2695,10.1068
1759902545823596041,8.9283,0.2812,10.0645
1759902545873877033,8.9568,0.2935,10.0028
1759902545931666480,8.9818,0.3006,9.9068
1759902545965521357,9.0063,0.3123,9.8596
1759902546025641061,9.0479,0.332,9.7656
1759902546073296303,9.0565,0.3259,9.7242
1759902546123316939,9.0417,0.2992,9.6631
1759902546168331564,9.0295,0.2776,9.5645
1759902546225875413,9.0438,0.2761,9.4819
1759902546274687618,9.0612,0.2795,9.4423
1759902546331949260,9.0658,0.2693,9.3996
1759902546368660827,9.071,0.2654,9.339
1759902546415222116,9.0613,0.2471,9.2823
1759902546460614380,9.0418,0.2218,9.2287
1759902546509836285,8.9979,0.1756,9.1787
1759902546555168003,9.0071,0.1766,9.1243
1759902546624986353,9.0443,0.1996,9.0461
1759902546674533046,9.0559,0.2013,9.0135
1759902546724913617,9.0398,0.1778,8.9794
1759902546768215481,9.0513,0.181,8.9149
1759902546810566835,9.0922,0.2088,8.8686
1759902546879756137,9.0707,0.1757,8.7919
1759902546909545684,9.0592,0.162,8.7481
1759902546962265980,9.0534,0.1497,8.6821
1759902547001040684,9.0624,0.1524,8.6367
1759902547052562909,9.0371,0.1244,8.5995
1759902547101162820,9.0242,0.1082,8.5849
1759902547150992793,9.0146,0.0953,8.4871
1759902547200777880,9.0044,0.0823,8.4251
1759902547251034816,8.9999,0.0747,8.3785
1759902547300736013,8.9904,0.0631,8.358
1759902547351133236,9.0077,0.0755,8.2932
1759902547400617060,9.0201,0.0832,8.2426
1759902547451690039,8.9744,0.039,8.17
1759902547572314129,8.9158,-0.0301,8.0568
1759902547629009633,8.9063,-0.0381,8.0031
1759902547681302856,8.8711,-0.0698,7.9781
1759902547730243696,8.8684,-0.0691,7.9437
1759902547774059599,8.879,-0.0576,7.8951
1759902547826094419,8.8529,-0.0771,7.8598
1759902547869339345,8.8135,-0.1062,7.8353
1759902547918538506,8.866,-0.0595,7.745
1759902547968198836,8.9734,0.0306,7.7052
1759902548017989184,9.0036,0.0541,7.6755
1759902548068499522,9.0496,0.0899,7.6197
1759902548113660796,9.0376,0.0768,7.5788
1759902548164657911,9.0651,0.0964,7.5345
1759902548217066202,9.058,0.0861,7.4922
1759902548260316478,9.0522,0.0783,7.4793
1759902548309663351,9.0392,0.0643,7.4293
1759902548354832159,8.9906,0.022,7.3798
1759902548406273029,8.9731,0.0064,7.3135
1759902548455395435,8.9513,-0.0123,7.2662
1759902548505310510,9.0169,0.0441,7.2532
1759902548580282942,9.1106,0.1296,7.1689
1759902548629541216,9.1704,0.1781,7.1201
1759902548673105730,9.3856,0.3577,7.0673
1759902548724703358,9.5154,0.4542,7.0034
1759902548781540242,9.6695,0.5679,6.9365
1759902548827703043,9.8033,0.6603,6.914
1759902548868980382,9.8484,0.675,6.9235
1759902548919324283,9.9118,0.6996,6.8999
1759902548964608381,9.9724,0.7236,6.8521
1759902549013724665,9.9935,0.7115,6.8261
1759902549064342879,10.0448,0.7244,6.7616
1759902549113857922,10.0835,0.7268,6.7408
1759902549164060334,10.0927,0.7034,6.7237
1759902549209682806,10.1204,0.6996,6.7064
1759902549259633579,10.1386,0.6853,6.7199
1759902549310464748,10.1452,0.6608,6.7643
1759902549359448359,10.1631,0.6484,6.8336
1759902549410270671,10.1791,0.6336,6.8303
1759902549456129323,10.1846,0.6134,6.8334
1759902549504986183,10.189,0.5915,6.8325
1759902549584496615,10.2027,0.5592,6.8737
1759902549626781282,10.1783,0.5158,7.0146
1759902549675514988,10.2085,0.5203,7.1373
1759902549725287942,10.2666,0.5484,7.2531
1759902549774687736,10.2804,0.5369,7.4473
1759902549823049774,10.2984,0.53,7.5943
1759902549874733657,10.1996,0.4208,7.7545
1759902549919326498,9.9626,0.2051,7.923
1759902549969293041,10.0113,0.2378,8.0753
1759902550019563042,9.8952,0.1281,8.1934
1759902550068901469,9.7166,-0.0307,8.3716
1759902550118697927,9.8134,0.054,8.5365
1759902550168714245,9.8112,0.0498,8.6987
1759902550214969091,9.6677,-0.0744,8.8715
1759902550259552475,9.7952,0.0352,9.0346
1759902550310495727,9.9155,0.1365,9.2002
1759902550359655755,9.8763,0.097,9.3781
1759902550409750602,9.9564,0.1622,9.5311
1759902550454834729,9.8693,0.0818,9.6604
1759902550500404460,9.6949,-0.0684,9.8191
1759902550579212245,9.8241,0.061,10.0078
1759902550632513747,9.7691,0.0063,10.124
1759902550684078032,9.6954,-0.0614,10.2752
1759902550726106862,9.8136,0.0431,10.3794
1759902550772832154,9.7716,0.0057,10.459
1759902550822635205,9.7955,0.0258,10.5823
1759902550868752530,9.9152,0.1257,10.7281
1759902550918876041,9.9814,0.1767,10.8402
1759902550974591920,9.796,0.0052,10.9643
1759902551014113697,9.5572,-0.1941,11.0877
1759902551059367337,9.3811,-0.3326,11.2253
1759902551105326370,9.2354,-0.4407,11.3745
1759902551155377373,9.1402,-0.5027,11.525
1759902551205638357,9.0501,-0.5584,11.6633
1759902551255060233,8.9734,-0.6009,11.8574
1759902551305351574,8.9119,-0.6281,11.9974
1759902551355139166,8.8562,-0.6495,12.0922
1759902551401990508,8.7938,-0.6771,12.2248
1759902551451014326,8.6969,-0.7322,12.3503
1759902551501620747,8.6266,-0.7614,12.477
1759902551585750885,8.4254,-0.8976,12.7124
1759902551630654468,8.2842,-0.9913,12.8115
1759902551680837303,8.1869,-1.0343,12.9708
1759902551729122174,8.1226,-1.0469,13.1045
1759902551778121335,8.077,-1.042,13.2083
1759902551827856267,8.057,-1.0146,13.3807
1759902551880102259,8.0606,-0.9655,13.6111
1759902551923774538,8.0671,-0.9245,13.732
1759902551978504360,8.0783,-0.8711,13.883
1759902552017632337,8.1029,-0.8229,13.9637
1759902552068892283,8.1117,-0.78,14.0624
1759902552118602928,8.1203,-0.7397,14.2176
1759902552168343641,8.1398,-0.6915,14.3821
1759902552209562469,8.1409,-0.6671,14.4897
1759902552260546659,8.162,-0.6204,14.6226
1759902552309719230,8.1913,-0.5692,14.7462
1759902552359506181,8.2195,-0.5205,14.8547
1759902552410124745,8.2679,-0.4555,14.9719
1759902552459254846,8.3014,-0.4069,15.0754
1759902552509749043,8.3322,-0.362,15.1748
1759902552559035341,8.3615,-0.3209,15.1873
1759902552628444882,8.3892,-0.2737,15.1935
1759902552676467263,8.4388,-0.2167,15.056
1759902552717968809,8.4905,-0.1645,14.921
1759902552773894698,8.5389,-0.1135,14.9112
1759902552819428371,8.6447,-0.018,14.9052
1759902552867643920,8.7334,0.0586,14.8372
1759902552919873191,8.7587,0.078,14.7654
1759902552969568367,8.7982,0.1088,14.6991
1759902553018606733,8.8782,0.1733,14.6088
1759902553064023453,8.8812,0.1692,14.533
1759902553109536617,8.9193,0.1946,14.4792
1759902553159515484,8.9625,0.2231,14.4235
1759902553205055268,8.9899,0.2376,14.3317
1759902553250552882,9.0185,0.2525,14.2657
1759902553300786824,9.073,0.2883,14.1984
1759902553350671441,9.1123,0.3098,14.1074
1759902553401743238,9.0984,0.2838,14.0033
1759902553450749623,9.1116,0.2832,13.9364
1759902553500986401,9.0816,0.2444,13.8679
1759902553551203490,9.1504,0.2941,13.7755
1759902553627155808,9.1876,0.3085,13.6659
1759902553679320917,9.1963,0.3016,13.5852
1759902553729033947,9.1831,0.276,13.517
1759902553773316729,9.1511,0.2375,13.4447
1759902553827002012,9.1138,0.1936,13.3571
1759902553873223154,9.0644,0.1435,13.3069
1759902553931190479,9.0076,0.0859,13.1996
1759902553977335366,8.9504,0.0332,13.1127
1759902554018904220,8.8882,-0.0194,13.0372
1759902554070185867,8.8247,-0.0721,13.0039
1759902554115138183,8.764,-0.12,12.9222
1759902554159086858,8.6993,-0.1688,12.8722
1759902554209118836,8.6485,-0.2043,12.8342
1759902554259324824,8.5966,-0.2398,12.7787
1759902554309059566,8.5349,-0.2826,12.7167
1759902554355691580,8.479,-0.3191,12.6194
1759902554404927642,8.4261,-0.351,12.5471
1759902554455486302,8.3695,-0.3848,12.5062
1759902554505031663,8.317,-0.4139,12.4357
1759902554550823087,8.2655,-0.4418,12.3569
1759902554628368027,8.2026,-0.4693,12.2385
1759902554679742741,8.1542,-0.4921,12.1614
1759902554728999683,8.1115,-0.5087,12.1175
1759902554772804164,8.0682,-0.5269,12.0546
1759902554818542426,8.0459,-0.5254,11.9884
1759902554875563570,8.1147,-0.4386,11.9346
1759902554924081074,8.1683,-0.3737,11.8671
1759902554973367252,8.1984,-0.3318,11.7822
1759902555028104087,8.2198,-0.2971,11.7021
1759902555073271523,8.2287,-0.278,11.6639
1759902555119996313,8.1989,-0.2922,11.6083
1759902555171219118,8.1555,-0.3166,11.5156
1759902555213064278,8.1056,-0.3469,11.4574
1759902555264266894,8.0373,-0.3899,11.3888
1759902555318184079,7.9628,-0.4365,11.3125
1759902555365969559,7.8929,-0.4788,11.2316
1759902555415678181,7.827,-0.5152,11.1625
1759902555460208333,7.7667,-0.5468,11.0691
1759902555511025065,7.7181,-0.5647,11.0066
1759902555563084703,7.6739,-0.5777,10.9165
1759902555629323287,7.6277,-0.5851,10.8703
1759902555682924740,7.5913,-0.5897,10.7823
1759902555723904633,7.5619,-0.5942,10.7254
1759902555782351141,7.525,-0.5962,10.6936
1759902555822857973,7.4976,-0.599,10.6177
1759902555864907783,7.4747,-0.5971,10.5469
1759902555916151428,7.4549,-0.588,10.488
1759902555961161995,7.4409,-0.5776,10.4423
1759902556006028247,7.4285,-0.5664,10.4026
1759902556060050892,7.4076,-0.558,10.3874
1759902556109261786,7.3831,-0.5554,10.337
1759902556154829013,7.3675,-0.5472,10.3275
1759902556200920158,7.3506,-0.5401,10.3292
1759902556254830890,7.3362,-0.5273,10.628
1759902556305161736,7.331,-0.5085,10.7704
1759902556351510521,7.3294,-0.4895,10.8843
1759902556401785631,7.3185,-0.4776,11.1714
1759902556451761362,7.3023,-0.4708,11.2996
1759902556500939724,7.2915,-0.46,11.4582
1759902556551443530,7.2779,-0.4515,11.6913
1759902556601225070,7.2629,-0.445,11.8267
1759902556690359346,7.2318,-0.4364,12.1199
1759902556730420449,7.2223,-0.429,12.2383
1759902556784568764,7.1993,-0.4287,12.4091
1759902556830534800,7.1828,-0.426,12.5619
1759902556874595449,7.1628,-0.427,12.6788
1759902556924067510,7.1412,-0.4274,12.7995
1759902556979201171,7.1214,-0.4242,12.9493
1759902557027476063,7.1128,-0.414,13.1028
1759902557074530491,7.1044,-0.4046,13.2481
1759902557111481263,7.0926,-0.4021,13.3519
1759902557169064367,7.0726,-0.3993,13.4531
1759902557211230508,7.06,-0.3958,13.563
1759902557264399408,7.0453,-0.3904,13.7177
1759902557311293511,7.037,-0.3819,13.8348
1759902557361537322,7.0245,-0.3762,13.9449
1759902557411068376,7.0071,-0.3751,14.1344
1759902557460725760,6.9859,-0.3773,14.2734
1759902557506234936,6.9751,-0.3719,14.3973
1759902557561409966,6.9623,-0.3651,14.5553
1759902557601214912,6.9515,-0.362,14.6634
1759902557686482616,6.9236,-0.3591,14.9569
1759902557734703044,6.9074,-0.358,15.1116
1759902557787295196,6.8952,-0.352,15.281
1759902557835320593,6.8911,-0.3407,15.4237
1759902557879903716,6.8802,-0.337,15.5206
1759902557928141648,6.8748,-0.3278,15.6344
1759902557987864135,6.8659,-0.3183,15.7771
1759902558029070269,6.861,-0.3114,15.8911
1759902558071914010,6.8633,-0.2985,15.9832
1759902558115081779,6.8742,-0.2793,16.1248
1759902558164741658,6.8812,-0.262,16.2859
1759902558216245998,6.8714,-0.2589,16.4518
1759902558264273499,6.8563,-0.2612,16.6128
1759902558315397406,6.8451,-0.2593,16.7291
1759902558360824325,6.8323,-0.2601,16.8535
1759902558410267452,6.8196,-0.26,17.0012
1759902558460095811,6.8016,-0.2643,17.1256
1759902558506207194,6.7956,-0.259,17.2486
1759902558553845234,6.7883,-0.2547,17.3317
1759902558600785174,6.7835,-0.2487,17.468
1759902558651416112,6.7797,-0.241,17.6157
1759902558735538866,6.7659,-0.2346,17.876
1759902558778144224,6.7757,-0.2164,17.9926
1759902558827976801,6.7849,-0.1984,18.1126
1759902558874125866,6.7892,-0.1867,18.1868
1759902558923396424,6.7891,-0.1788,18.2787
1759902558979100661,6.7916,-0.1678,18.3699
1759902559027088937,6.7947,-0.1582,18.4419
1759902559075249491,6.8001,-0.147,18.5296
1759902559123835155,6.7951,-0.1452,18.5781
1759902559170219718,6.7979,-0.1371,18.6675
1759902559222424993,6.7996,-0.1295,18.7493
1759902559275266831,6.8071,-0.1169,18.8404
1759902559317592135,6.8105,-0.1099,18.905
1759902559363856169,6.8128,-0.1037,18.9402
1759902559410055469,6.8206,-0.0932,18.9894
1759902559455621924,6.8294,-0.0824,19.0361
1759902559505357948,6.8267,-0.0812,19.0605
1759902559556169069,6.8158,-0.0871,19.089
1759902559601462805,6.8143,-0.085,19.0745
1759902559651433546,6.8131,-0.0824,19.0852
1759902559731139931,6.8013,-0.0874,19.0921
1759902559778741471,6.798,-0.0866,19.0756
1759902559828817693,6.7987,-0.0821,19.0677
1759902559889633121,6.7926,-0.0831,19.1094
1759902559937987866,6.789,-0.0827,19.1231
1759902559975936527,6.7901,-0.0792,19.1194
1759902560019006309,6.8086,-0.0613,19.141
1759902560063977180,6.825,-0.0457,19.1594
1759902560114397577,6.8249,-0.0439,19.1465
1759902560165302076,6.8219,-0.0446,19.151
1759902560212298454,6.8108,-0.0522,19.1774
1759902560255058316,6.803,-0.0568,19.209
1759902560304718275,6.7911,-0.0645,19.2114
1759902560355506252,6.7976,-0.0561,19.2449
1759902560405324642,6.7994,-0.0521,19.2787
1759902560455287809,6.8008,-0.0486,19.3088
1759902560505483668,6.7897,-0.0561,19.3108
1759902560550910498,6.7911,-0.0528,19.3135
1759902560600940061,6.801,-0.0419,19.2871
1759902560650644585,6.8083,-0.0337,19.2779
1759902560732138483,6.8007,-0.0385,19.2845
1759902560780412373,6.8023,-0.0353,19.295
1759902560823953292,6.8066,-0.0301,19.3217
1759902560875575968,6.8066,-0.0287,19.3668
1759902560925168499,6.8036,-0.0301,19.3927
1759902560974230690,6.7984,-0.0333,19.3889
1759902561024314286,6.7977,-0.0324,19.3803
1759902561076741784,6.7942,-0.034,19.3714
1759902561128189166,6.7887,-0.0373,19.3759
1759902561170685486,6.7819,-0.0417,19.3883
1759902561214950163,6.7801,-0.0417,19.3993
1759902561265275940,6.7786,-0.0412,19.4279
1759902561314810041,6.7746,-0.0428,19.4401
1759902561367068170,6.7716,-0.0434,19.4367
1759902561414647793,6.7788,-0.0356,19.4473
1759902561464932124,6.7718,-0.04,19.4535
1759902561510952388,6.764,-0.0451,19.4271
1759902561559898903,6.7492,-0.0559,19.4071
1759902561613392483,6.7504,-0.0522,19.4084
1759902561657540163,6.7396,-0.0595,19.3644
1759902561705771947,6.7257,-0.0689,19.2978
1759902561779313100,6.7142,-0.075,19.2784
1759902561829715756,6.7288,-0.0581,19.3262
1759902561878569294,6.7487,-0.0378,19.3623
1759902561921434492,6.757,-0.0292,19.3822
1759902561970372130,6.7539,-0.0307,19.4213
1759902562019022090,6.7547,-0.0287,19.4125
1759902562065063986,6.7554,-0.027,19.4237
1759902562115950553,6.7528,-0.0281,19.4317
1759902562163956588,6.7359,-0.0413,19.439
1759902562214002104,6.7387,-0.0371,19.4127
1759902562266852130,6.7408,-0.0336,19.3845
1759902562314938778,6.7364,-0.036,19.3451
1759902562361462841,6.7605,-0.014,19.3534
1759902562401188984,6.7719,-0.0042,19.3527
1759902562452090790,6.7471,-0.0249,19.3655
1759902562500951381,6.7291,-0.0393,19.3504
1759902562550824039,6.6072,-0.1429,19.277
1759902562601037676,6.6363,-0.1113,19.0337
1759902562651112709,6.673,-0.0743,18.9528
1759902562700804542,6.6938,-0.0528,18.9397
1759902562784720414,6.699,-0.0432,18.7507
1759902562837412138,6.6915,-0.0482,18.6424
1759902562886103377,6.7018,-0.0366,18.5379
1759902562934829342,6.7,-0.0366,18.4616
1759902562979620557,6.6928,-0.0414,18.3744
1759902563026111878,6.6846,-0.0467,18.2721
1759902563067211916,6.6819,-0.0473,18.2301
1759902563118407151,6.6796,-0.0472,18.1166
1759902563169972310,6.6539,-0.067,18.0138
1759902563216176996,6.6295,-0.085,17.9174
1759902563268350664,6.6356,-0.0759,17.7739
1759902563311426293,6.6767,-0.0388,17.6584
1759902563361505243,6.7215,0.0009,17.5737
1759902563417101065,6.7667,0.0406,17.4566
1759902563468714487,6.7874,0.0571,17.3969
1759902563524472338,6.8057,0.0707,17.295
1759902563573388585,6.8125,0.0736,17.1844
1759902563613576005,6.8018,0.0621,17.1083
1759902563657910651,6.7672,0.0312,17.0409
1759902563710541108,6.7481,0.0134,16.9726
1759902563779082364,6.7277,-0.0065,16.8995
1759902563840935187,6.7125,-0.0204,16.768
1759902563880284803,6.6837,-0.0449,16.6758
1759902563934959111,6.6686,-0.0561,16.5886
1759902563981430794,6.7006,-0.0263,16.516
1759902564044525992,6.7579,0.0272,16.3892
1759902564081985631,6.8256,0.0833,16.3187
1759902564124844547,6.8714,0.1179,16.2302
1759902564173024482,6.908,0.1435,16.1362
1759902564223206519,6.9407,0.165,16.0875
1759902564268504418,6.9697,0.1829,16.0063
1759902564318617203,6.9852,0.1883,15.9322
1759902564368689210,6.9902,0.1845,15.8599
1759902564418048150,6.9844,0.1717,15.779
1759902564467068154,6.989,0.1683,15.7016
1759902564514494755,7.0099,0.1795,15.6208
1759902564559988157,7.0187,0.18,15.5521
1759902564609646547,7.0253,0.178,15.4727
1759902564655207837,7.0354,0.1797,15.408
1759902564701826210,7.0426,0.1787,15.388
1759902564788521393,7.0461,0.1668,15.2606
1759902564828295597,7.0334,0.1492,15.2225
1759902564873505699,6.9975,0.1118,15.1707
1759902564921858003,6.9535,0.069,15.0678
1759902564969218879,6.9154,0.0336,14.9745
1759902565018828716,6.8847,0.0058,14.9252
1759902565068714379,6.8532,-0.0216,14.8578
1759902565118242210,6.8182,-0.0509,14.7539
1759902565169205223,6.7805,-0.0814,14.6734
1759902565228462666,6.7402,-0.1134,14.5938
1759902565269016584,6.7037,-0.1407,14.5097
1759902565319288462,6.6916,-0.145,14.4498
1759902565368236509,6.6589,-0.167,14.3533
1759902565416037012,6.6054,-0.2059,14.2918
1759902565464233780,6.5304,-0.2615,14.2535
1759902565509891504,6.3956,-0.3652,14.1865
1759902565560097696,6.2061,-0.5118,14.1251
1759902565600732439,6.0731,-0.6046,14.0822
1759902565651499890,6.6733,-0.0683,14.0409
1759902565700772084,7.7071,0.823,13.9699
1759902565778755243,8.5384,1.5659,13.8643
1759902565822863688,9.0452,1.965,13.8001
1759902565873542701,9.3548,2.1536,13.7286
1759902565923654644,9.5291,2.2124,13.6569
1759902565961663317,9.5732,2.1791,13.639
1759902566009873049,9.5675,2.0862,13.5572
1759902566059692235,9.5143,1.9526,13.4718
1759902566158958228,9.4254,1.6638,13.4449
1759902566210806306,9.2456,1.4075,13.3893
1759902566281595861,9.0813,1.1487,13.2788
1759902566310001574,8.896,0.9626,13.2277
1759902566360127815,8.7483,0.797,13.1509
1759902566412378209,8.6076,0.6423,13.0656
1759902566460014158,8.4694,0.5014,13.0081
1759902566510492449,8.3421,0.3737,12.9596
1759902566560702860,8.2155,0.2519,12.909
1759902566611508363,8.1017,0.1453,12.863
1759902566660674656,8.0004,0.0543,12.8162
1759902566710545761,7.9085,-0.0253,12.7655
1759902566751596505,7.8424,-0.078,12.7138
1759902566824035831,7.7483,-0.1582,12.6605
1759902566873489791,7.6638,-0.226,12.6006
1759902566931013373,7.5797,-0.2897,12.5521
1759902566976277388,7.4977,-0.3489,12.5039
1759902567025097011,7.4289,-0.3929,12.4456
1759902567068173281,7.3663,-0.4304,12.3983
1759902567114362487,7.2995,-0.4688,12.3557
1759902567164874231,7.226,-0.5104,12.3134
1759902567210463705,7.1599,-0.5457,12.2835
1759902567261042597,7.0895,-0.5817,12.2504
1759902567305396109,7.0356,-0.605,12.2038
1759902567357909193,6.9815,-0.624,12.1476
1759902567406767880,6.9387,-0.6345,12.1068
1759902567457877041,6.8892,-0.6493,12.061
1759902567502491610,6.8451,-0.6621,11.9911
1759902567551288389,6.7939,-0.6782,11.9253
1759902567601635260,6.7568,-0.6807,11.8707
1759902567651406755,6.716,-0.6867,11.8483
1759902567701863855,6.6779,-0.6897,11.8401
1759902567753568009,6.6385,-0.693,11.7838
1759902567829844449,6.565,-0.713,11.699
1759902567882164475,6.5129,-0.7269,11.6725
1759902567928412904,6.4641,-0.7404,11.6313
1759902567987639959,6.414,-0.7461,11.5725
1759902568030636778,6.3874,-0.7414,11.5247
1759902568080514515,6.3655,-0.7285,11.4522
1759902568119838272,6.3528,-0.7155,11.4301
1759902568176798040,6.3266,-0.703,11.3964
1759902568221195365,6.3118,-0.6893,11.3664
1759902568269672045,6.2969,-0.6737,11.3315
1759902568316067945,6.282,-0.6601,11.2762
1759902568367547481,6.2727,-0.6391,11.2373
1759902568413644051,6.2754,-0.612,11.2219
1759902568462089341,6.2741,-0.588,11.1743
1759902568511486484,6.2737,-0.5635,11.1556
1759902568560847347,6.2713,-0.5417,11.1447
1759902568612131902,6.2637,-0.5242,11.1175
1759902568661220457,6.2537,-0.5105,11.0755
1759902568705792705,6.2517,-0.4929,11.0423
1759902568752653339,6.2501,-0.4747,10.9908
1759902568834210832,6.2392,-0.4476,10.9191
1759902568893781461,6.2369,-0.4242,10.8905
1759902568926814392,6.2342,-0.4145,10.8631
1759902568971177582,6.2231,-0.4083,10.7879
1759902569018887443,6.2116,-0.4016,10.7063
1759902569069363459,6.203,-0.3917,10.6352
1759902569119903868,6.1973,-0.3796,10.529
1759902569169113623,6.1912,-0.3688,10.4536
1759902569216707203,6.1846,-0.3595,10.3945
1759902569260853119,6.1841,-0.3466,10.3357
1759902569315599805,6.209,-0.3086,10.2325
1759902569361198166,6.2206,-0.2867,10.1628
1759902569410823372,6.2135,-0.2806,10.0856
1759902569461390071,6.2086,-0.2725,10.0337
1759902569511428665,6.1995,-0.2686,9.9429
1759902569562058353,6.172,-0.2807,9.8441
1759902569609095734,6.1047,-0.3274,9.7682
1759902569656620552,6.029,-0.379,9.6967
1759902569702990291,5.9749,-0.4101,9.6161
1759902569751626966,5.9293,-0.432,9.5411
1759902569801543628,5.984,-0.3661,9.474
1759902569886365365,6.0312,-0.2886,9.3463
1759902569935090658,6.0741,-0.235,9.2659
1759902569983157869,6.102,-0.1997,9.1737
1759902570033864023,6.1158,-0.1784,9.1034
1759902570079386650,6.1236,-0.1648,9.0592
1759902570133061455,6.1224,-0.1581,8.9685
1759902570181824561,6.1193,-0.1541,8.903
1759902570226336384,6.1148,-0.1522,8.8254
1759902570271425205,6.1055,-0.1541,8.7964
1759902570322565716,6.1044,-0.1484,8.7386
1759902570364519108,6.1107,-0.1382,8.6624
1759902570410665112,6.115,-0.1294,8.6021
1759902570468965082,6.1143,-0.1234,8.5208
1759902570511879584,6.1123,-0.1206,8.442
1759902570556704683,6.1078,-0.1198,8.377
1759902570601980200,6.1077,-0.1154,8.3458
1759902570650904552,6.1074,-0.1109,8.3064
1759902570701523741,6.1013,-0.1113,8.2499
1759902570750983012,6.097,-0.1102,8.1576
1759902570801209613,6.0941,-0.108,8.0829
1759902570882205878,6.09,-0.1034,7.9336
1759902570927062106,6.0899,-0.0992,7.8784
1759902570970603762,6.09,-0.0953,7.8396
1759902571020017676,6.0867,-0.0941,7.7798
1759902571059978526,6.0791,-0.0973,7.7302
1759902571117667302,6.0694,-0.1009,7.6643
1759902571165493885,6.0632,-0.102,7.6098
1759902571208162229,6.0532,-0.1068,7.5762
1759902571280120548,6.0438,-0.1083,7.4825
1759902571314722096,6.037,-0.1109,7.4375
1759902571364480737,6.0341,-0.1087,7.3785
1759902571411670587,6.0293,-0.1084,7.3184
1759902571469938326,6.0251,-0.1065,7.2478
1759902571510109355,6.0236,-0.1042,7.2157
1759902571567556532,6.0214,-0.1009,7.1341
1759902571611177359,6.0179,-0.1001,7.0574
1759902571658850670,6.0182,-0.0957,6.9882
1759902571705340077,6.0186,-0.0916,6.9439
1759902571751179427,6.0191,-0.0877,6.8886
1759902571801509575,6.0193,-0.0837,6.8529
1759902571881141503,6.0244,-0.0724,6.7366
1759902571932424946,6.0298,-0.0638,6.6614
1759902571981441304,6.0369,-0.0546,6.5911
1759902572030272328,6.0391,-0.0503,6.5164
1759902572081443818,6.0437,-0.044,6.4429
1759902572122875668,6.0473,-0.0394,6.386
1759902572178697972,6.0466,-0.0381,6.314
1759902572211212676,6.0438,-0.0394,6.2856
1759902572265559090,6.0411,-0.0398,6.2421
1759902572310143131,6.0336,-0.0446,6.1941
1759902572358532294,6.028,-0.0475,6.1645
1759902572405377850,6.021,-0.0515,6.1227
1759902572451271212,6.0161,-0.0536,6.0628
1759902572501257446,6.0184,-0.0494,6.0131
1759902572551098293,6.0172,-0.0483,5.9645
1759902572600971291,6.0163,-0.0469,5.8819
1759902572652027051,6.0188,-0.0426,5.8062
1759902572701621399,6.0177,-0.0418,5.7347
1759902572752101433,6.0169,-0.0406,5.6779
1759902572803725064,6.0164,-0.0392,5.6046
1759902572851150573,6.0162,-0.0377,5.5363
1759902572932050304,6.0153,-0.0356,5.3951
1759902572986196917,6.0186,-0.0307,5.2901
1759902573025581430,6.0212,-0.0273,5.211
1759902573081425284,6.0198,-0.0272,5.0835
1759902573125503592,6.013,-0.032,4.9912
1759902573170520756,6.0111,-0.0324,4.8922
1759902573223925227,6.0095,-0.0322,4.7559
1759902573269648817,6.0117,-0.0292,4.6299
1759902573310614890,6.0133,-0.0269,4.5366
1759902573355354707,6.0145,-0.025,4.417
1759902573401085380,6.0183,-0.0209,4.2849
1759902573451553801,6.0211,-0.0177,4.1325
1759902573505404822,6.0201,-0.0177,3.9673
1759902573551164100,6.0135,-0.0227,3.8284
1759902573601315518,6.0086,-0.0259,3.7011
1759902573651528303,6.0051,-0.0278,3.5766
1759902573701225767,6.0056,-0.0262,3.4595
1759902573751248891,6.006,-0.0247,3.3376
1759902573801408816,6.0033,-0.0259,3.2222
1759902573851156035,6.0014,-0.0265,3.1186
1759902573929851449,5.9964,-0.0294,2.9301
1759902573980105543,5.9934,-0.0308,2.7966
1759902574030301195,5.9913,-0.0313,2.6669
1759902574079114987,5.9868,-0.034,2.5619
1759902574131528041,5.9835,-0.0353,2.449
1759902574179075372,5.9812,-0.0358,2.33
1759902574228253267,5.9736,-0.0408,2.2256
1759902574279286254,5.968,-0.0438,2.1101
1759902574319280336,5.9614,-0.0478,2.0243
1759902574370239793,5.9593,-0.0475,1.9061
1759902574419061360,5.9579,-0.0468,1.8032
1759902574469261200,5.9599,-0.043,1.6954
1759902574520602193,5.9554,-0.045,1.5753
1759902574564716569,5.9524,-0.0459,1.4711
1759902574606870884,5.9503,-0.046,1.3893
1759902574653160381,5.9487,-0.0455,1.3032
1759902574702712408,5.9445,-0.0472,1.1965
1759902574752178041,5.9415,-0.0477,1.1135
1759902574801367799,5.9394,-0.0475,1.0186
1759902574851358651,5.9379,-0.0467,0.9161
1759902574930309683,5.9329,-0.0481,0.7534
1759902574981410057,5.9334,-0.0453,0.6581
1759902575032630390,5.9308,-0.0456,0.5689
1759902575078474449,5.9291,-0.0452,0.4995
1759902575124130570,5.9279,-0.0444,0.4166
1759902575176017352,5.9269,-0.0433,0.3068
1759902575228533332,5.9233,-0.0445,0.2095
1759902575279155296,5.9207,-0.0448,0.1199
1759902575324910555,5.9221,-0.0419,0.0661
1759902575375458498,5.923,-0.0393,0.109
1759902575423096202,5.9208,-0.0396,0.1416
1759902575476435949,5.9221,-0.0366,0.1313
1759902575541068794,5.9198,-0.0365,0.1234
1759902575571107787,5.9221,-0.0337,0.1442
1759902575610406225,5.9205,-0.0339,0.1531
1759902575660640591,5.9222,-0.0312,0.1123
1759902575712429998,5.9204,-0.0313,0.0826
1759902575760551242,5.9222,-0.0285,0.0817
1759902575808257285,5.9236,-0.0261,0.0434
1759902575852225513,5.9247,-0.0242,0.0026
1759902575929887620,5.9251,-0.0221,0.0
1759902575976925672,5.9259,-0.0204,0.0
1759902576017950377,5.9235,-0.0217,0.0
1759902576074133607,5.9216,-0.0224,0.0
1759902576120369752,5.9234,-0.0199,0.0
1759902576164704729,5.9248,-0.018,0.0
1759902576210379355,5.9258,-0.0165,0.0
1759902576260332335,5.9265,-0.0152,0.0
1759902576310566291,5.927,-0.0141,0.0
1759902576360106155,5.9274,-0.0131,0.0
1759902576413530293,5.9277,-0.0122,0.0
1759902576461460814,5.925,-0.0141,0.0
1759902576510908703,5.926,-0.0126,0.0
1759902576560682993,5.9268,-0.0114,0.0
1759902576609734538,5.9243,-0.013,0.0
1759902576656105179,5.9226,-0.014,0.0
1759902576711532140,5.9243,-0.0118,0.0
1759902576755336456,5.9227,-0.0128,0.0
1759902576806321792,5.9214,-0.0133,0.0
1759902576855712802,5.9205,-0.0135,0.0
1759902576901030539,5.9229,-0.0109,0.0
1759902576981098747,5.9214,-0.0115,0.0
1759902577039343432,5.9237,-0.0087,0.0
1759902577064429005,5.9224,-0.0096,0.0
1759902577109865698,5.9244,-0.0076,0.0
1759902577160027135,5.9258,-0.0061,0.0
1759902577211145785,5.9269,-0.0049,0.0
1759902577261547971,5.9246,-0.0067,0.0
1759902577310465618,5.923,-0.0078,0.0
1759902577361628109,5.9218,-0.0084,0.0
1759902577409748318,5.924,-0.0062,0.0
1759902577459937807,5.9256,-0.0045,0.0
1759902577510677554,5.9268,-0.0033,0.0
1759902577560714773,5.9246,-0.0051,0.0
1759902577605934550,5.9231,-0.0062,0.0
1759902577656110633,5.9219,-0.0069,0.0
1759902577706315431,5.9241,-0.0047,0.0
1759902577756707516,5.9257,-0.0031,0.0
1759902577801182915,5.9269,-0.002,0.0
1759902577852872591,5.9278,-0.0011,0.0
1759902577933375085,5.9253,-0.0035,0.0
1759902577992529883,5.9266,-0.002,0.0
1759902578025934394,5.9276,-0.0011,0.0
1759902578079434546,5.9283,-0.0004,0.0
1759902578129358410,5.9258,-0.0026,0.0
1759902578166765792,5.927,-0.0016,0.0
1759902578223457731,5.9278,-0.0007,0.0
1759902578273447971,5.9254,-0.0028,0.0
1759902578312134920,5.9267,-0.0016,0.0
1759902578363164318,5.9276,-0.0008,0.0
1759902578410827106,5.9283,-0.0002,0.0
1759902578460701906,5.9288,0.0003,0.0
1759902578511046119,5.9262,-0.002,0.0
1759902578556516543,5.9242,-0.0036,0.0
1759902578605901520,5.9228,-0.0046,0.0
1759902578656451386,5.9248,-0.0027,0.0
1759902578705897820,5.9263,-0.0013,0.0
1759902578756049727,5.9244,-0.003,0.0
1759902578806297136,5.926,-0.0014,0.0
1759902578925635953,5.9239,-0.0035,0.0
1759902578980714561,5.9257,-0.0014,0.0
1759902579029155511,5.9239,-0.0031,0.0
1759902579069271961,5.9257,-0.0015,0.0
1759902579119760730,5.9269,-0.0003,0.0
1759902579170818332,5.9279,0.0005,0.0
1759902579218795488,5.9285,0.001,0.0
1759902579271549189,5.929,0.0014,0.0
1759902579320475784,5.9294,0.0016,0.0
1759902579369375026,5.9266,-0.0008,0.0
1759902579415080798,5.9246,-0.0024,0.0
1759902579461637441,5.9231,-0.0034,0.0
1759902579505987992,5.9221,-0.0042,0.0
1759902579555692628,5.9243,-0.0022,0.0
1759902579606056650,5.9229,-0.0032,0.0
1759902579655202381,5.925,-0.0014,0.0
1759902579707677522,5.9264,-0.0001,0.0
1759902579755483803,5.9275,0.0008,0.0
1759902579801548799,5.9283,0.0015,0.0
1759902579851262973,5.9258,-0.0007,0.0
1759902579935189146,5.9271,0.0006,0.0
1759902579979407797,5.928,0.0014,0.0
1759902580028131224,5.9256,-0.0008,0.0
1759902580085891247,5.9239,-0.0023,0.0
1759902580150224085,5.9257,-0.0005,0.0
1759902580203357408,5.9239,-0.0021,0.0
1759902580254685275,5.9257,-0.0004,0.0
1759902580297190934,5.927,0.0007,0.0
1759902580342682548,5.9249,-0.001,0.0
1759902580379337709,5.9264,0.0002,0.0
1759902580425278568,5.9275,0.001,0.0
1759902580475914337,5.9283,0.0016,0.0
1759902580524736573,5.9288,0.002,0.0
1759902580574176414,5.9293,0.0023,0.0
1759902580615165105,5.9295,0.0024,0.0
1759902580655565136,5.9297,0.0025,0.0
1759902580701287970,5.9299,0.0026,0.0
1759902580753140305,5.93,0.0026,0.0
1759902580801672138,5.9271,-0.0001,0.0
1759902580852342813,5.925,-0.0019,0.0
1759902580931587011,5.9233,-0.0034,0.0
1759902580991242102,5.9253,-0.0013,0.0
1759902581029875419,5.9267,0.0,0.0
1759902581079134156,5.9246,-0.0018,0.0
1759902581123586251,5.9262,-0.0004,0.0
1759902581175017213,5.9243,-0.002,0.0
1759902581224480790,5.926,-0.0005,0.0
1759902581272715748,5.9241,-0.002,0.0
1759902581325668668,5.9228,-0.0031,0.0
1759902581376255073,5.9219,-0.0038,0.0
1759902581425373743,5.9242,-0.0016,0.0
1759902581470280795,5.9229,-0.0026,0.0
1759902581514285097,5.9219,-0.0033,0.0
1759902581569082540,5.9242,-0.0012,0.0
1759902581614860800,5.9229,-0.0022,0.0
1759902581670389094,5.925,-0.0003,0.0
1759902581732763212,5.9265,0.0011,0.0
1759902581755610813,5.9276,0.0019,0.0
1759902581807544152,5.9284,0.0025,0.0
1759902581851317184,5.9289,0.0029,0.0
1759902581924438735,5.9263,0.0002,0.0
1759902581968945394,5.9275,0.0012,0.0
1759902582024319975,5.9283,0.0019,0.0
1759902582060809189,5.9258,-0.0002,0.0
1759902582111303168,5.9271,0.0009,0.0
1759902582156179581,5.928,0.0016,0.0
1759902582205242485,5.9287,0.0021,0.0
1759902582256391491,5.9291,0.0024,0.0
1759902582306440472,5.9295,0.0026,0.0
1759902582356526234,5.9297,0.0027,0.0
1759902582406062709,5.9299,0.0028,0.0
1759902582451130276,5.93,0.0028,0.0
1759902582501352097,5.9301,0.0027,0.0
1759902582551142356,5.9302,0.0027,0.0
1759902582601822749,5.9302,0.0026,0.0
1759902582652099845,5.9302,0.0025,0.0
1759902582701429467,5.9303,0.0024,0.0
1759902582752287619,5.9303,0.0023,0.0
1759902582802778943,5.9303,0.0022,0.0
1759902582853014640,5.9303,0.0021,0.0
1759902582934076338,5.9303,0.002,0.0
1759902582993670804,5.9271,-0.0012,0.0
1759902583029608428,5.928,-0.0004,0.0
1759902583073825626,5.9255,-0.0025,0.0
1759902583120065334,5.9268,-0.0013,0.0425
1759902583181420052,5.9277,-0.0004,0.2566
1759902583214594324,5.9284,0.0001,0.3549
1759902583264694694,5.9259,-0.002,0.4175
1759902583316238110,5.9271,-0.0009,0.5764
1759902583364178657,5.9279,-0.0001,0.7548
1759902583410963474,5.9285,0.0004,0.9295
1759902583460573510,5.926,-0.0018,1.1035
1759902583510168246,5.9211,-0.0059,1.2667
1759902583561218173,5.9175,-0.0087,1.4451
1759902583605226053,5.915,-0.0106,1.6458
1759902583651609886,5.9131,-0.0117,1.8353
1759902583701227185,5.9118,-0.0124,2.0465
1759902583751424560,5.9078,-0.0153,2.2587
1759902583804440390,5.9049,-0.0171,2.4536
1759902583851713847,5.9028,-0.0182,2.5813
1759902583933955923,5.9009,-0.0186,2.8559
1759902583986313550,5.9,-0.0186,3.0148
1759902584033887759,5.8994,-0.0184,3.1466
1759902584082024931,5.8989,-0.0179,3.3058
1759902584138531156,5.8986,-0.0174,3.4593
1759902584187836021,5.9015,-0.0141,3.6253
1759902584215329007,5.9008,-0.0143,3.7359
1759902584265574542,5.906,-0.0095,3.9324
1759902584309650772,5.9099,-0.0061,4.0812
1759902584360973529,5.9127,-0.0034,4.2494
1759902584405389776,5.9148,-0.0016,4.3919
1759902584451646296,5.9163,-0.0003,4.5434
1759902584501198352,5.9264,0.0083,4.7149
1759902584551120441,5.9338,0.0143,4.899
1759902584601657793,5.9422,0.021,5.0728
1759902584651751279,5.9514,0.0281,5.2475
1759902584702071597,5.958,0.0327,5.459
1759902584751172603,5.9688,0.0407,5.6419
1759902584823769856,5.9744,0.0432,5.851
1759902584851370597,5.9769,0.0443,5.9559
1759902584938791223,5.9868,0.0503,6.2588
1759902584989870045,5.9927,0.0534,6.4234
1759902585030629229,5.9934,0.0521,6.5472
1759902585079361664,5.9972,0.0532,6.7399
1759902585145967799,5.9974,0.0501,6.933
1759902585188003844,6.0027,0.0529,7.069
1759902585227136361,6.0123,0.0591,7.2064
1759902585276384217,6.0197,0.0627,7.3764
1759902585327512814,6.0311,0.0696,7.581
1759902585381093420,6.0424,0.0762,7.7403
1759902585419606698,6.0527,0.0822,7.8496
1759902585478878108,6.0674,0.0908,8.0244
1759902585520033677,6.0798,0.098,8.1096
1759902585559750557,6.0915,0.1043,8.22
1759902585612088296,6.1009,0.1076,8.3294
1759902585663030127,6.1165,0.1162,8.3915
1759902585701907118,6.1357,0.1282,8.4286
